45;Eastern Kingdoms (X:2924.38 Y:-798.429 Z:1126276202)
71;Eastern Kingdoms (X:-10645.9 Y:1179.06 Z:1111537248)
78;Eastern Kingdoms (X:-11208.5 Y:1685.34 Z:1104025328)
84;Eastern Kingdoms (X:16449.9 Y:16393.199 Z:1116398472)
87;Eastern Kingdoms (X:-9077.34 Y:-552.925 Z:1114727409)
88;Eastern Kingdoms (X:-9843.54 Y:127.525 Z:1085003111)
97;Eastern Kingdoms (X:-5660.33 Y:755.299 Z:1136840049)
98;Eastern Kingdoms (X:-11634.8 Y:-54.07 Z:1096227383)
100;Eastern Kingdoms (X:2019.349 Y:1904.359 Z:1121077749)
101;Eastern Kingdoms (X:-8761.85 Y:848.557 Z:1118805059)
107;Eastern Kingdoms (X:-8667.56 Y:623.563 Z:1118490513)
145;Eastern Kingdoms (X:-229.49 Y:1576.35 Z:1117636644)
168;Eastern Kingdoms (X:-5584.207 Y:759.832 Z:1136665892)
169;Eastern Kingdoms (X:-5586.46 Y:679.298 Z:1136687677)
171;Eastern Kingdoms (X:-5763.72 Y:-3439.58 Z:1134112473)
173;Eastern Kingdoms (X:1058.11 Y:1554.68 Z:3245342720)
175;Eastern Kingdoms (X:-4086.36 Y:-2610.95 Z:1110970021)
178;Eastern Kingdoms (X:683.771 Y:-912.144 Z:1127120896)
196;Eastern Kingdoms (X:-12153.621 Y:894.014 Z:1092132707)
197;Eastern Kingdoms (X:-9796.18 Y:157.773 Z:1103829559)
284;Eastern Kingdoms (X:-8681.37 Y:434.406 Z:1120306187)
286;Eastern Kingdoms (X:-6053.73 Y:-2954.63 Z:1129688990)
324;Eastern Kingdoms (X:-5161.33 Y:939.623 Z:1132537053)
342;Eastern Kingdoms (X:-9029.174 Y:-608.329 Z:1113710369)
362;Eastern Kingdoms (X:-10429.435 Y:-3828.841 Z:3254585732)
382;Eastern Kingdoms (X:-8681.4 Y:434.439 Z:1120306332)
446;Eastern Kingdoms (X:-10162.7 Y:-3998.65 Z:3268932796)
482;Eastern Kingdoms (X:-8932.78 Y:-1986.4 Z:1124853678)
523;Eastern Kingdoms (X:-4858.27 Y:785.03 Z:1131482972)
562;Eastern Kingdoms (X:-9465.58 Y:16.847 Z:1115936653)
610;Eastern Kingdoms (X:2925.18 Y:-820.545 Z:1126277710)
612;Eastern Kingdoms (X:2877.98 Y:-839.267 Z:1126370443)
614;Eastern Kingdoms (X:2859.73 Y:-824.91 Z:1126307135)
682;Eastern Kingdoms (X:-9219.37 Y:-2149.94 Z:1116550726)
702;Eastern Kingdoms (X:-9023.26 Y:892.398 Z:1107691989)
704;Eastern Kingdoms (X:-9020.09 Y:880.502 Z:1125618549)
707;Eastern Kingdoms (X:-10517 Y:-1158.39 Z:1109145472)
708;Eastern Kingdoms (X:-854.547 Y:-576.314 Z:1100200490)
710;Eastern Kingdoms (X:-5601.46 Y:-530.747 Z:1137032659)
712;Eastern Kingdoms (X:-5390.18 Y:-2953.93 Z:1134625751)
713;Eastern Kingdoms (X:-3823.06 Y:-834.526 Z:1100102448)
719;Eastern Kingdoms (X:2266.68 Y:245.993 Z:1110550643)
720;Eastern Kingdoms (X:511.536 Y:1638.63 Z:1117181352)
721;Eastern Kingdoms (X:-4.944 Y:-934.91 Z:1115283417)
802;Eastern Kingdoms (X:-3752.81 Y:-851.558 Z:1092737093)
803;Eastern Kingdoms (X:-3668.34 Y:-823.839 Z:1092510443)
844;Eastern Kingdoms (X:-10487.3 Y:-3256.87 Z:1109366250)
862;Eastern Kingdoms (X:-14457 Y:496.45 Z:1109167754)
902;Eastern Kingdoms (X:-6606.48 Y:-3762.19 Z:1132819579)
1042;Eastern Kingdoms (X:357.22 Y:-2106.09 Z:1123265937)
1103;Eastern Kingdoms (X:-14468 Y:457.513 Z:1098888983)
1104;Eastern Kingdoms (X:-5096.76 Y:750.205 Z:1132611174)
1125;Eastern Kingdoms (X:-8561.54 Y:823.383 Z:1121257914)
1205;Eastern Kingdoms (X:-295.639 Y:-3460.68 Z:1128391246)
1426;Eastern Kingdoms (X:-11204.5 Y:-2730.61 Z:1097751278)
1427;Eastern Kingdoms (X:-11079.7 Y:-2855.64 Z:1093340863)
1428;Eastern Kingdoms (X:-11208.1 Y:-2960.48 Z:1091792525)
1429;Eastern Kingdoms (X:-11337.4 Y:-2848.93 Z:1091928368)
1446;Eastern Kingdoms (X:-11185.1 Y:-2834.63 Z:1122562736)
1466;Eastern Kingdoms (X:-7176.63 Y:-937.667 Z:1126839484)
1468;Eastern Kingdoms (X:-7518.19 Y:-1239.13 Z:1133485851)
1506;Eastern Kingdoms (X:-7921.14 Y:-2604.18 Z:1130322067)
1606;Eastern Kingdoms (X:-6657.35 Y:-2157.1 Z:1132728582)
1646;Eastern Kingdoms (X:-907.865 Y:-3534.24 Z:1118278491)
2146;Eastern Kingdoms (X:16299.2 Y:16277.3 Z:1116991953)
2173;Eastern Kingdoms (X:-8346.46 Y:514.031 Z:1119957667)
2175;Eastern Kingdoms (X:-4840.26 Y:-1330.46 Z:1140725252)
2214;Eastern Kingdoms (X:3237.46 Y:-4060.6 Z:1121977631)
2216;Eastern Kingdoms (X:3392.46 Y:-3396.77 Z:1125061296)
2217;Eastern Kingdoms (X:3392.56 Y:-3361.78 Z:1125043536)
2246;Eastern Kingdoms (X:1757.26 Y:-1165.93 Z:1114532086)
2248;Eastern Kingdoms (X:1855.13 Y:-1569.22 Z:1114421985)
2250;Eastern Kingdoms (X:1462.13 Y:-1864.02 Z:1114296235)
2252;Eastern Kingdoms (X:1668.12 Y:-2282.56 Z:1114432366)
2387;Eastern Kingdoms (X:-9897.21 Y:-3725.09 Z:1103451705)
2412;Eastern Kingdoms (X:97.432 Y:-176.274 Z:1124055908)
2413;Eastern Kingdoms (X:544.83 Y:-1079.95 Z:1121647854)
2567;Eastern Kingdoms (X:1282.05 Y:-2548.73 Z:1118489726)
2626;Eastern Kingdoms (X:1756.79 Y:-1200.15 Z:1114829016)
2627;Eastern Kingdoms (X:1723.32 Y:-1198.38 Z:1114638805)
2628;Eastern Kingdoms (X:1723.1 Y:-1166.71 Z:1114525532)
2629;Eastern Kingdoms (X:1879.599 Y:-1546.083 Z:1114382037)
2630;Eastern Kingdoms (X:1903 Y:-1570.26 Z:1114558562)
2631;Eastern Kingdoms (X:1878.08 Y:-1593.74 Z:1114498374)
2632;Eastern Kingdoms (X:1487.03 Y:-1840.91 Z:1114286981)
2633;Eastern Kingdoms (X:1510.46 Y:-1863.24 Z:1114401931)
2634;Eastern Kingdoms (X:1485.61 Y:-1888.69 Z:1114397789)
2635;Eastern Kingdoms (X:1681.117 Y:-2250.932 Z:1114379680)
2636;Eastern Kingdoms (X:1712.75 Y:-2263.28 Z:1115696516)
2637;Eastern Kingdoms (X:1700.25 Y:-2295.36 Z:1114370107)
2647;Eastern Kingdoms (X:2841.81 Y:-1544.52 Z:1128170521)
2706;Eastern Kingdoms (X:2964.56 Y:-2712.89 Z:1120238908)
2707;Eastern Kingdoms (X:2980.1 Y:-2720.92 Z:1120394766)
2726;Eastern Kingdoms (X:1868.96 Y:-3223.39 Z:1123426632)
2746;Eastern Kingdoms (X:-8821.36 Y:633.297 Z:1119626959)
2786;Eastern Kingdoms (X:-9050.87 Y:445.458 Z:1119493266)
3066;Eastern Kingdoms (X:40.967 Y:-1490.37 Z:1127121945)
3106;Eastern Kingdoms (X:-30.053 Y:-1576.5 Z:1128428536)
3366;Eastern Kingdoms (X:2832.07 Y:-1540.48 Z:1128147517)
3367;Eastern Kingdoms (X:2843.4 Y:-1553.26 Z:1128183955)
3528;Eastern Kingdoms (X:-7510.87 Y:-1035.87 Z:1127674806)
3529;Eastern Kingdoms (X:-7512.16 Y:-1034.78 Z:1127298367)
3530;Eastern Kingdoms (X:-8536.18 Y:452.165 Z:1121047937)
3547;Eastern Kingdoms (X:1642.1 Y:239.843 Z:1115315660)
3548;Eastern Kingdoms (X:-4754.56 Y:-3313.8 Z:1134348337)
3552;Eastern Kingdoms (X:-11413.6 Y:1954.91 Z:1097063098)
3606;Eastern Kingdoms (X:-7514.81 Y:-1033.12 Z:1126420054)
3690;Eastern Kingdoms (X:-622.142 Y:-4582.14 Z:1101529088)
3847;Eastern Kingdoms (X:-7663.4 Y:-1218.37 Z:1133503709)
3886;Eastern Kingdoms (X:-12432.8 Y:205.169 Z:1075273374)
3928;Eastern Kingdoms (X:-11915.8 Y:-1236.43 Z:1119898855)
3953;Eastern Kingdoms (X:-1189.27 Y:-2532.19 Z:1102422999)
3954;Eastern Kingdoms (X:-811.425 Y:-3505.82 Z:1116882561)
3991;Eastern Kingdoms (X:1733.32 Y:526.474 Z:1107885923)
4017;Eastern Kingdoms (X:-10636.2 Y:-391.307 Z:1120649609)
4026;Eastern Kingdoms (X:-5049.34 Y:-818.454 Z:1140303299)
4028;Eastern Kingdoms (X:2051.36 Y:272.572 Z:1113892690)
4029;Eastern Kingdoms (X:-14294.3 Y:516.088 Z:1091519371)
4030;Eastern Kingdoms (X:-3755.105 Y:-775.705 Z:1092498762)
4032;Eastern Kingdoms (X:-8823.48 Y:540.301 Z:1119997605)
4058;Eastern Kingdoms (X:2298.17 Y:-5340.98 Z:1119208066)
4092;Eastern Kingdoms (X:-9242.97 Y:419.162 Z:1118638965)
4094;Eastern Kingdoms (X:-9240.96 Y:238.408 Z:1116653263)
4095;Eastern Kingdoms (X:-9182.62 Y:414.857 Z:1119034750)
4096;Eastern Kingdoms (X:-9218.13 Y:318.627 Z:1116980393)
4098;Eastern Kingdoms (X:-5273.18 Y:-739.621 Z:1136886120)
4099;Eastern Kingdoms (X:-5375.6 Y:-735.182 Z:1137050157)
4100;Eastern Kingdoms (X:1979.99 Y:305.252 Z:1109704442)
4131;Eastern Kingdoms (X:-11101.9 Y:-1998.12 Z:1111839395)
4135;Eastern Kingdoms (X:-11041.9 Y:-1995.01 Z:1119490330)
4189;Eastern Kingdoms (X:1782.2 Y:151.592 Z:3262720324)
4294;Eastern Kingdoms (X:2541.943 Y:-4785.322 Z:1122690803)
4354;Eastern Kingdoms (X:-11908.9 Y:-3209.1 Z:3245123043)
4409;Eastern Kingdoms (X:3483.58 Y:-4510.19 Z:1124737876)
4712;Eastern Kingdoms (X:-5139.78 Y:-623.597 Z:1137095771)
4715;Eastern Kingdoms (X:-5172.12 Y:-611.084 Z:1137089479)
4716;Eastern Kingdoms (X:-5140.403 Y:-596.007 Z:1137098549)
4718;Eastern Kingdoms (X:-5173.604 Y:-624.05 Z:1137088141)
4733;Eastern Kingdoms (X:-9017.1 Y:876.97 Z:1125424693)
4734;Eastern Kingdoms (X:-9020.4 Y:889.086 Z:1106048818)
4769;Eastern Kingdoms (X:-4920.97 Y:-954.649 Z:1140507017)
4770;Eastern Kingdoms (X:-4704.66 Y:-1218.95 Z:1140511834)
4772;Eastern Kingdoms (X:-4969.57 Y:-1204.68 Z:1140510589)
4774;Eastern Kingdoms (X:-4662.94 Y:-956.396 Z:1140469826)
4786;Eastern Kingdoms (X:-5604.45 Y:-462.581 Z:1137243914)
4787;Eastern Kingdoms (X:-5202.517 Y:-487.071 Z:1136813632)
4788;Eastern Kingdoms (X:-5604.1 Y:-462.396 Z:1137248207)
4789;Eastern Kingdoms (X:-5202.628 Y:-486.892 Z:1136814344)
4820;Eastern Kingdoms (X:-5187.41 Y:-557.625 Z:1137088135)
4990;Eastern Kingdoms (X:-481.042 Y:1492.95 Z:1100969201)
5127;Eastern Kingdoms (X:2479.34 Y:-5495.73 Z:1137896358)
5128;Eastern Kingdoms (X:2469.29 Y:-5545.84 Z:1141409399)
5129;Eastern Kingdoms (X:2362.55 Y:-5574.54 Z:1137896260)
5130;Eastern Kingdoms (X:2412.68 Y:-5584.65 Z:1141409399)
5131;Eastern Kingdoms (X:2558.37 Y:-5612.56 Z:1137896161)
5132;Eastern Kingdoms (X:2508.14 Y:-5602.5 Z:1141409399)
5133;Eastern Kingdoms (X:2441.37 Y:-5691.42 Z:1137896129)
5134;Eastern Kingdoms (X:2451.5 Y:-5641.27 Z:1141409399)
5135;Eastern Kingdoms (X:2427.67 Y:-5548.64 Z:1141343699)
5136;Eastern Kingdoms (X:2505.39 Y:-5563.9 Z:1141343666)
5137;Eastern Kingdoms (X:2419.03 Y:-5622.17 Z:1141343371)
5138;Eastern Kingdoms (X:2486.99 Y:-5636.42 Z:1141344436)
5537;Eastern Kingdoms (X:1419.72 Y:442.84 Z:3264903447)
5538;Eastern Kingdoms (X:1390.95 Y:416.715 Z:3264903551)
5703;Eastern Kingdoms (X:-9033.27 Y:352.936 Z:1119483475)
5704;Eastern Kingdoms (X:-8867.9 Y:652.444 Z:1119868564)
5710;Eastern Kingdoms (X:-8907.56 Y:628.035 Z:1120340895)
5711;Eastern Kingdoms (X:-8807.06 Y:666.099 Z:1120298782)
5712;Eastern Kingdoms (X:-8756.03 Y:657.33 Z:1121201816)
5807;Eastern Kingdoms (X:-5161.63 Y:642.471 Z:1135320203)
5827;Eastern Kingdoms (X:-9459.77 Y:516.826 Z:1113663393)
5828;Eastern Kingdoms (X:-8966.15 Y:511.01 Z:1119925450)
5829;Eastern Kingdoms (X:-9646.03 Y:679.736 Z:1108715399)
5830;Eastern Kingdoms (X:-9465.25 Y:61.84 Z:1113565325)
5831;Eastern Kingdoms (X:-8553.13 Y:1208.18 Z:1084689838)
205;Kalimdor (X:-1895.78 Y:-1109.04 Z:1118592434)
216;Kalimdor (X:90.1 Y:-1943.44 Z:1117712902)
217;Kalimdor (X:10708.8 Y:762.092 Z:1151675351)
218;Kalimdor (X:9859.09 Y:588.761 Z:1151505285)
219;Kalimdor (X:9556.24 Y:1654.77 Z:1151496110)
220;Kalimdor (X:10675.2 Y:1857.45 Z:1151698289)
223;Kalimdor (X:4508.17 Y:373.376 Z:1107430605)
224;Kalimdor (X:4605.57 Y:385.158 Z:1107025042)
225;Kalimdor (X:4558.36 Y:421.446 Z:1107753042)
228;Kalimdor (X:-753.596 Y:-2212.78 Z:1101812361)
230;Kalimdor (X:6744.98 Y:41.116 Z:1111386777)
231;Kalimdor (X:5996.56 Y:365.21 Z:1101983174)
232;Kalimdor (X:5980.17 Y:330.669 Z:1101930430)
233;Kalimdor (X:4916.99 Y:328.43 Z:1108546106)
234;Kalimdor (X:4641.19 Y:55.38 Z:1116029675)
235;Kalimdor (X:4554.65 Y:146.354 Z:1114505924)
236;Kalimdor (X:4643.38 Y:145.349 Z:1114087018)
237;Kalimdor (X:4504.31 Y:32.33 Z:1118632844)
238;Kalimdor (X:6876.28 Y:-486.029 Z:1109431052)
239;Kalimdor (X:3469.43 Y:847.62 Z:1084992541)
244;Kalimdor (X:-4456.7 Y:-1655.99 Z:1118582800)
246;Kalimdor (X:-4932.53 Y:-1596.05 Z:1118413219)
257;Kalimdor (X:4252.37 Y:756.974 Z:3250094447)
302;Kalimdor (X:-3463.26 Y:-4123.13 Z:1099486619)
303;Kalimdor (X:-4058.75 Y:-2732.54 Z:1108169222)
422;Kalimdor (X:-93.161 Y:1691.15 Z:1118970171)
442;Kalimdor (X:-4666.52 Y:-2536.82 Z:1118695208)
522;Kalimdor (X:-1679.3 Y:-4328.96 Z:1076199309)
527;Kalimdor (X:9947.48 Y:2630.04 Z:1151652659)
542;Kalimdor (X:8799.41 Y:969.787 Z:1106373981)
709;Kalimdor (X:-3615.49 Y:-4467.34 Z:1103266631)
715;Kalimdor (X:9809.05 Y:959.188 Z:1151626035)
716;Kalimdor (X:6410.01 Y:527.035 Z:1096871104)
717;Kalimdor (X:2756.64 Y:-423.057 Z:1122944549)
722;Kalimdor (X:-2366.7 Y:-345.983 Z:3215295817)
742;Kalimdor (X:-405.311 Y:-2645.29 Z:1121972650)
743;Kalimdor (X:-1051.44 Y:-3653.81 Z:1106842852)
843;Kalimdor (X:341.42 Y:-4684.7 Z:1106745387)
924;Kalimdor (X:-6773.49 Y:-2889.77 Z:1097970536)
942;Kalimdor (X:-4950.65 Y:-1625.14 Z:3225485627)
943;Kalimdor (X:-4950.74 Y:-1595.14 Z:3225485627)
944;Kalimdor (X:-4950.65 Y:-1567.1 Z:3225485627)
982;Kalimdor (X:-2372.51 Y:-1991.64 Z:1123152691)
1022;Kalimdor (X:898.482 Y:922.688 Z:1123914613)
1023;Kalimdor (X:-7162.14 Y:-3845.95 Z:1091338953)
1024;Kalimdor (X:-4370.83 Y:3289.15 Z:1102987815)
1025;Kalimdor (X:-4461.92 Y:242.578 Z:1110768746)
1387;Kalimdor (X:4260.73 Y:-6273.64 Z:1119122738)
1388;Kalimdor (X:4277.58 Y:-6296 Z:1119823646)
1667;Kalimdor (X:-3464.71 Y:-4120.93 Z:1099483683)
1726;Kalimdor (X:-7286.01 Y:-2125.06 Z:3280473752)
1727;Kalimdor (X:-7208.42 Y:-2027.09 Z:3280461496)
1728;Kalimdor (X:-7170.02 Y:-1852.79 Z:3280502391)
1729;Kalimdor (X:-7395.19 Y:-1735.68 Z:3280724394)
1730;Kalimdor (X:-7449.9 Y:-2111.57 Z:3280462348)
1731;Kalimdor (X:-7463.35 Y:-1957.64 Z:3280487449)
1732;Kalimdor (X:-7509.58 Y:-1946.56 Z:3280422076)
1733;Kalimdor (X:-7516.87 Y:-1829.76 Z:3280491217)
1734;Kalimdor (X:-7594.12 Y:-1771.62 Z:3280522838)
1735;Kalimdor (X:-7748.9 Y:-1721.14 Z:3280467034)
1736;Kalimdor (X:-7768.61 Y:-1957.63 Z:3280474145)
1737;Kalimdor (X:-7612.56 Y:-1930.87 Z:3280464380)
1738;Kalimdor (X:-7952.2 Y:-1792.01 Z:3280499278)
1739;Kalimdor (X:-7895.29 Y:-1623.62 Z:3280394879)
1740;Kalimdor (X:-7874.18 Y:-1806.3 Z:3280452289)
1766;Kalimdor (X:-7308.713 Y:-2001.473 Z:3280484778)
1906;Kalimdor (X:6818.56 Y:-391.735 Z:1109425652)
1966;Kalimdor (X:4988.97 Y:547.002 Z:1085023013)
2206;Kalimdor (X:5483.9 Y:-749.881 Z:1135038333)
2207;Kalimdor (X:5552.09 Y:-683.813 Z:1135058944)
2208;Kalimdor (X:5587.02 Y:-784.025 Z:1135077687)
2211;Kalimdor (X:6107.62 Y:-4181.6 Z:1146426524)
2213;Kalimdor (X:5893.32 Y:-4054.83 Z:1142232220)
2230;Kalimdor (X:1818.4 Y:-4427.26 Z:3240569392)
2266;Kalimdor (X:245.587 Y:1251.99 Z:1129456927)
2267;Kalimdor (X:-1596.16 Y:3145.26 Z:1114993276)
2286;Kalimdor (X:-5477.91 Y:-2460.32 Z:1118998849)
2287;Kalimdor (X:6687.99 Y:-4670.07 Z:1144322310)
2327;Kalimdor (X:5018.91 Y:-4563.94 Z:1146417152)
2486;Kalimdor (X:6207.5 Y:-152.833 Z:1117758226)
2610;Kalimdor (X:2343.57 Y:-2569 Z:1122871149)
2848;Kalimdor (X:-4768.61 Y:-3752.11 Z:1112914448)
2926;Kalimdor (X:1999.15 Y:-1121.28 Z:1120056600)
2946;Kalimdor (X:2.006 Y:402.673 Z:1120536101)
3133;Kalimdor (X:-1484.07 Y:2617.57 Z:1117220294)
3134;Kalimdor (X:-1181.98 Y:2861.95 Z:1118471206)
3146;Kalimdor (X:-7180.94 Y:441.137 Z:1104436213)
3183;Kalimdor (X:-3730.48 Y:933.975 Z:1126234391)
3184;Kalimdor (X:-3981.58 Y:771.193 Z:1126233670)
3185;Kalimdor (X:-4028.21 Y:123.966 Z:1104575673)
3186;Kalimdor (X:-3837.79 Y:1250.23 Z:1126185239)
3187;Kalimdor (X:-3741.96 Y:1249.18 Z:1126184845)
3189;Kalimdor (X:-3520.65 Y:1068.72 Z:1126244549)
3546;Kalimdor (X:9933.94 Y:2500.98 Z:1151646269)
3549;Kalimdor (X:1253.79 Y:-2227.52 Z:1119387386)
3550;Kalimdor (X:-959.299 Y:-3759.21 Z:1084198622)
3551;Kalimdor (X:-998.183 Y:-3822.07 Z:1084847083)
3586;Kalimdor (X:6221.84 Y:-1152.75 Z:1136631185)
3587;Kalimdor (X:6221.89 Y:-1153 Z:1136632529)
3650;Kalimdor (X:1422.33 Y:-1855.33 Z:1124583014)
3654;Kalimdor (X:1034.19 Y:-2087.74 Z:1123466871)
3985;Kalimdor (X:-6864.98 Y:731.612 Z:1112014848)
3986;Kalimdor (X:-8215.09 Y:-4622.04 Z:1089537468)
4008;Kalimdor (X:-8424.94 Y:1508.65 Z:1107299978)
4010;Kalimdor (X:-8230.4 Y:2005.33 Z:1124195566)
4015;Kalimdor (X:5085.82 Y:-5110.64 Z:1147698856)
4027;Kalimdor (X:1332.27 Y:-4607.67 Z:1103295676)
4031;Kalimdor (X:-7166.06 Y:-3917.94 Z:1091982412)
4085;Kalimdor (X:7763.328 Y:-4010.724 Z:1143837166)
4090;Kalimdor (X:2716.6 Y:1496.82 Z:1131205624)
4101;Kalimdor (X:1179.46 Y:-4564.49 Z:1101259499)
4102;Kalimdor (X:1204.86 Y:-4536.29 Z:1100433064)
4103;Kalimdor (X:-1545.39 Y:51.301 Z:1085052583)
4104;Kalimdor (X:9914.17 Y:1864.67 Z:1151674450)
4105;Kalimdor (X:9948.01 Y:1932.53 Z:1151735398)
4162;Kalimdor (X:-7142.04 Y:1397.92 Z:1082815970)
4168;Kalimdor (X:-7588.48 Y:756.806 Z:3246614014)
4299;Kalimdor (X:-7376.84 Y:447.272 Z:1083221895)
4319;Kalimdor (X:-8158.9 Y:-4155.65 Z:3273873228)
4320;Kalimdor (X:-8777.39 Y:-4156.92 Z:3276804456)
4321;Kalimdor (X:-8326.27 Y:-4047.44 Z:3276768674)
4666;Kalimdor (X:3637.82 Y:-3957.88 Z:1101140066)
4667;Kalimdor (X:3263.37 Y:-4082.66 Z:1105371857)
4670;Kalimdor (X:2869.6 Y:-3860.63 Z:1105337726)
4671;Kalimdor (X:2634.73 Y:-3743.65 Z:1098472174)
4672;Kalimdor (X:2416.39 Y:-3682.47 Z:1102105700)
4673;Kalimdor (X:3451.85 Y:-4011.01 Z:1101691565)
4680;Kalimdor (X:-381.844 Y:-2022.349 Z:1119369115)
4681;Kalimdor (X:-378.178 Y:-2043.2 Z:1119430535)
4682;Kalimdor (X:-399.253 Y:-2032.17 Z:1119311194)
4714;Kalimdor (X:-4622.31 Y:-3172.12 Z:1108033588)
4719;Kalimdor (X:-2108.45 Y:-437.26 Z:3237650010)
4720;Kalimdor (X:-2494.57 Y:-4989.33 Z:1119647773)
4752;Kalimdor (X:-4234.48 Y:-3909.55 Z:3230585397)
4775;Kalimdor (X:-3182.41 Y:-2920.82 Z:1107705961)
4797;Kalimdor (X:1216.83 Y:-4284.87 Z:1102544162)
4798;Kalimdor (X:1179.15 Y:-4301.63 Z:1101573915)
4799;Kalimdor (X:1195.85 Y:-4268.25 Z:1101829610)
4800;Kalimdor (X:1178.13 Y:-4287.65 Z:1101627916)
4801;Kalimdor (X:1646.766 Y:-4413.3 Z:1099290063)
4802;Kalimdor (X:1953.4 Y:-4687.29 Z:1103591742)
4803;Kalimdor (X:1931.22 Y:-4288.55 Z:1104727769)
4804;Kalimdor (X:1573.08 Y:-4183.07 Z:1109430344)
4807;Kalimdor (X:835.072 Y:-4515.311 Z:1085882333)
4808;Kalimdor (X:1283.798 Y:-4406.811 Z:1104331180)
4809;Kalimdor (X:1284.24 Y:-4406.838 Z:1104327116)
4810;Kalimdor (X:835.314 Y:-4515.071 Z:1085882711)
4829;Kalimdor (X:1200.66 Y:-4377.62 Z:1103442110)
5047;Kalimdor (X:-6157.59 Y:-1336.14 Z:3274173579)
5049;Kalimdor (X:-6161.97 Y:-1331.44 Z:3274241409)
5150;Kalimdor (X:-8758.78 Y:-4469.58 Z:3276359795)
5263;Kalimdor (X:1331.59 Y:-4355.54 Z:1105341605)
5264;Kalimdor (X:1335.56 Y:-4413.71 Z:1104715763)
5265;Kalimdor (X:1289.09 Y:-4422.08 Z:1104470658)
5266;Kalimdor (X:1352.31 Y:-4348.65 Z:1104747325)
5267;Kalimdor (X:1368.4 Y:-4411 Z:1105906473)
5268;Kalimdor (X:1434.07 Y:-4360.26 Z:1103749657)
5269;Kalimdor (X:1438.2 Y:-4423.43 Z:1103749657)
5270;Kalimdor (X:1511.28 Y:-4428.26 Z:1101472360)
5271;Kalimdor (X:1505.17 Y:-4400.86 Z:1101750705)
5272;Kalimdor (X:1591.25 Y:-4426.46 Z:1091311826)
5279;Kalimdor (X:1920.17 Y:-4126.34 Z:1110157505)
5311;Kalimdor (X:1921.7 Y:-4147.27 Z:1109501175)
5462;Kalimdor (X:-6161.17 Y:-1332.44 Z:3274217357)
5463;Kalimdor (X:-6154.7 Y:-1339.48 Z:3274198942)
5464;Kalimdor (X:-6159.64 Y:-1334.02 Z:3274186031)
5485;Kalimdor (X:-1048 Y:-288.609 Z:1126107054)
5518;Kalimdor (X:7886.83 Y:-2500.47 Z:1140106658)
5557;Kalimdor (X:9684.39 Y:2525.01 Z:1151787909)
5705;Kalimdor (X:1391.4 Y:-4486.09 Z:1107007898)
5706;Kalimdor (X:1657.97 Y:-4391.8 Z:1102841643)
5714;Kalimdor (X:1669.51 Y:-4433.55 Z:1100810866)
5715;Kalimdor (X:1615.24 Y:-4380 Z:1095381287)
5716;Kalimdor (X:1766.86 Y:-4343.76 Z:3235527734)
5802;Kalimdor (X:1226.9 Y:-4579.15 Z:1100028523)
5810;Kalimdor (X:1247.45 Y:-4162.7 Z:1104598689)
5813;Kalimdor (X:1342.61 Y:-4651.11 Z:1111103740)
5814;Kalimdor (X:1164.11 Y:-4158.41 Z:1110309418)
5815;Kalimdor (X:306.24 Y:-4742.72 Z:1092910213)
5843;Kalimdor (X:-1121.76 Y:-5126.14 Z:1077461417)
5847;Kalimdor (X:-972.738 Y:-5181.02 Z:1083091620)
5848;Kalimdor (X:-816.543 Y:-5362.64 Z:1075234325)
95;Alterac Valley (X:-409.828 Y:-802.771 Z:3243504526)
2606;Alterac Valley (X:-1510.09 Y:-715.864 Z:1111720565)
2608;Alterac Valley (X:946.833 Y:-500.092 Z:1119738855)
3326;Alterac Valley (X:-767.073 Y:-358.703 Z:1116295397)
3327;Alterac Valley (X:-1221.35 Y:-352.877 Z:1114038914)
3328;Alterac Valley (X:-1305.24 Y:-268.868 Z:1119357803)
3329;Alterac Valley (X:213.923 Y:-373.737 Z:1113689712)
3330;Alterac Valley (X:326.27 Y:-503.789 Z:1116621212)
3331;Alterac Valley (X:683.107 Y:-129.846 Z:1115579561)
194;Shadowfang Keep (X:-230.953 Y:2105.06 Z:1117749681)
254;Shadowfang Keep (X:-236.47 Y:2202.42 Z:1120055486)
255;Shadowfang Keep (X:-223.399 Y:2101.97 Z:1120061345)
256;Shadowfang Keep (X:-189.006 Y:2145.69 Z:1120061345)
2406;Shadowfang Keep (X:-287.071 Y:2175.64 Z:1108577118)
2407;Shadowfang Keep (X:-315.991 Y:2179.63 Z:1119322663)
2408;Shadowfang Keep (X:-232.372 Y:2077.1 Z:1116224579)
2409;Shadowfang Keep (X:-255.273 Y:2035.76 Z:1122295742)
2410;Shadowfang Keep (X:-167.092 Y:2104.22 Z:1116923455)
2411;Shadowfang Keep (X:-179.729 Y:2079.37 Z:1110099755)
5571;Shadowfang Keep (X:-159.274 Y:2231 Z:1118224371)
5572;Shadowfang Keep (X:-239.418 Y:2163.03 Z:1119105398)
5722;Shadowfang Keep (X:-177.882 Y:2225.03 Z:1117913088)
503;Stormwind Stockade (X:39.374 Y:0.803 Z:3243023584)
109;<unused>StormwindPrison (X:-0.9 Y:16.443 Z:3244541608)
119;Deadmines (X:-14.363 Y:-393.38 Z:1115758330)
121;Deadmines (X:-110.76 Y:-1009.19 Z:1108031413)
3746;Deadmines (X:-29.555 Y:-374.503 Z:1114467520)
226;Wailing Caverns (X:-172.181 Y:138.98 Z:3263515473)
3766;Wailing Caverns (X:-108.563 Y:160.915 Z:3265238283)
242;Razorfen Kraul (X:1936.39 Y:1534.47 Z:1118683385)
262;Razorfen Kraul (X:2019.73 Y:2004.6 Z:1115078630)
462;Razorfen Kraul (X:2107.72 Y:1823.77 Z:1117778031)
463;Razorfen Kraul (X:2165.75 Y:1944.75 Z:1115019936)
259;Blackfathom Deeps (X:-148.633 Y:121.08 Z:3255150602)
283;Blackfathom Deeps (X:-527.658 Y:321.109 Z:3259566234)
762;Blackfathom Deeps (X:-842.076 Y:-472.462 Z:3255321389)
288;Uldaman (X:-228.193 Y:34.16 Z:3256676227)
822;Uldaman (X:-234.444 Y:319.127 Z:3258866336)
882;Uldaman (X:-213.72 Y:370.607 Z:3255668231)
322;Gnomeregan (X:-312.205 Y:-4.633 Z:3272910897)
525;Gnomeregan (X:-717.868 Y:1.372 Z:3278981890)
1105;Gnomeregan (X:-377.056 Y:44.05 Z:3273423782)
448;Sunken Temple (X:-300 Y:99 Z:3271426048)
1306;Sunken Temple (X:-496.854 Y:42.693 Z:3266724731)
1326;Sunken Temple (X:-467.521 Y:95.308 Z:3268542464)
4016;Sunken Temple (X:-662.106 Y:3.831 Z:3266685842)
444;Razorfen Downs (X:2593.94 Y:1124.64 Z:1113634636)
602;Scarlet Monastery (X:1687.57 Y:1040.09 Z:1101520123)
604;Scarlet Monastery (X:853.679 Y:1308.1 Z:1100832519)
606;Scarlet Monastery (X:1608.65 Y:-308.97 Z:1101415003)
608;Scarlet Monastery (X:253.601 Y:-196.804 Z:1101549273)
4089;Scarlet Monastery (X:864.623 Y:1321.6 Z:1099992033)
4261;Scarlet Monastery (X:1693.77 Y:1053.34 Z:1100336333)
4262;Scarlet Monastery (X:1617.18 Y:-323.432 Z:1100311586)
4263;Scarlet Monastery (X:269.061 Y:-211.903 Z:1100585894)
922;Zul'Farrak (X:1190.35 Y:840.587 Z:1096217212)
962;Zul'Farrak (X:1909.27 Y:1015.11 Z:1094205309)
1447;Zul'Farrak (X:1811.05 Y:700.976 Z:1098167353)
1470;Blackrock Spire (X:73.508 Y:-215.044 Z:1112640560)
1628;Blackrock Spire (X:-78.582 Y:-401.395 Z:1109116269)
1946;Blackrock Spire (X:70.861 Y:-409.014 Z:1115730438)
1986;Blackrock Spire (X:91.085 Y:-408.374 Z:1115730438)
1987;Blackrock Spire (X:109.608 Y:-415.698 Z:1115730438)
2026;Blackrock Spire (X:153.763 Y:-419.833 Z:1121776042)
2046;Blackrock Spire (X:102.43 Y:-319.167 Z:1115876688)
2066;Blackrock Spire (X:75.262 Y:-547.679 Z:1121835811)
2067;Blackrock Spire (X:26.458 Y:-522.471 Z:1121837777)
2068;Blackrock Spire (X:25.928 Y:-299.325 Z:1103159362)
3726;Blackrock Spire (X:178.729 Y:-474.412 Z:1123098952)
1472;Blackrock Depths (X:456.969 Y:48.368 Z:3263335668)
1526;Blackrock Depths (X:596.432 Y:-188.498 Z:3259498496)
1590;Blackrock Depths (X:376.106 Y:-191.242 Z:3264026365)
1686;Blackrock Depths (X:319.974 Y:-215.185 Z:3264997517)
1746;Blackrock Depths (X:411.617 Y:-201.646 Z:3263318537)
1786;Blackrock Depths (X:690.518 Y:-280.052 Z:3257715104)
1826;Blackrock Depths (X:471.142 Y:-9.344 Z:3263928638)
1827;Blackrock Depths (X:1380.15 Y:-554.604 Z:3266529591)
1828;Blackrock Depths (X:497.399 Y:13.232 Z:3263972927)
1926;Blackrock Depths (X:845.911 Y:-317.369 Z:3259573679)
2886;Blackrock Depths (X:1097.99 Y:-466.494 Z:3267372240)
4751;Blackrock Depths (X:876.874 Y:-179.58 Z:3257906024)
1064;Onyxia's Lair (X:29.243 Y:-22.181 Z:1093169001)
1626;Opening of the Dark Portal (X:3122.2 Y:2324.64 Z:3271643628)
4288;Opening of the Dark Portal (X:-2023.58 Y:7118.58 Z:1102219261)
4322;Opening of the Dark Portal (X:-1498.38 Y:7017.88 Z:1107626217)
4485;Opening of the Dark Portal (X:-1529.84 Y:7105.86 Z:1107312273)
2547;Scholomance (X:332.866 Y:94.311 Z:1119383991)
2548;Scholomance (X:322.884 Y:112.137 Z:1120229471)
2549;Scholomance (X:325.184 Y:75.618 Z:1119600561)
2568;Scholomance (X:182.265 Y:126.45 Z:1125102846)
3926;Zul'Gurub (X:-11594.1 Y:-1621.37 Z:1111266322)
3930;Zul'Gurub (X:-11917 Y:-1221 Z:1120083850)
3956;Zul'Gurub (X:-11918.6 Y:-1433.95 Z:1110584852)
3957;Zul'Gurub (X:-11916.8 Y:-1256.7 Z:1119426105)
3958;Zul'Gurub (X:-11915.044 Y:-1312.676 Z:1117454587)
3959;Zul'Gurub (X:-11945.688 Y:-1597.607 Z:1108543248)
3960;Zul'Gurub (X:-11788.9 Y:-1595.06 Z:1108606688)
3961;Zul'Gurub (X:-11614.2 Y:-1361.51 Z:1117367828)
3962;Zul'Gurub (X:-11957.6 Y:-1819.97 Z:1113145056)
3963;Zul'Gurub (X:-12112.9 Y:-1794.63 Z:1117836581)
3964;Zul'Gurub (X:-11791 Y:-1562.86 Z:1100869534)
3965;Zul'Gurub (X:-11610 Y:-1749.86 Z:1109061586)
3966;Zul'Gurub (X:-12072.3 Y:-1479.05 Z:1121254769)
2187;Stratholme (X:3673.6 Y:-3633.87 Z:1124856168)
2209;Stratholme (X:3665.11 Y:-3164.96 Z:1123971760)
2210;Stratholme (X:3663.95 Y:-3164.27 Z:1123989717)
2221;Stratholme (X:3584.78 Y:-3632.05 Z:1124998709)
3126;Maraudon (X:756.878 Y:-633.96 Z:3254994626)
3131;Maraudon (X:1005.02 Y:-460.539 Z:3257729208)
2166;Deeprun Tram (X:76.027 Y:10.504 Z:3230236074)
2171;Deeprun Tram (X:80.163 Y:2490.88 Z:3220025314)
2226;Ragefire Chasm (X:2.58 Y:-0.014 Z:3243630186)
2890;Molten Core (X:1115.22 Y:-462.959 Z:3267233684)
3190;Dire Maul (X:-55.966 Y:159.867 Z:3227357796)
3191;Dire Maul (X:24.561 Y:159.45 Z:3227377551)
3193;Dire Maul (X:255.249 Y:-9.056 Z:3223689080)
3194;Dire Maul (X:37.45 Y:-154.822 Z:3224211858)
3195;Dire Maul (X:-202.664 Y:-314.876 Z:3224260177)
3196;Dire Maul (X:4.311 Y:-837.085 Z:3255052665)
3197;Dire Maul (X:194.351 Y:-240.821 Z:3251440556)
3506;Dire Maul (X:580.754 Y:487.506 Z:1105966714)
3507;Dire Maul (X:580.657 Y:475.885 Z:1105966714)
3508;Dire Maul (X:592.507 Y:486.31 Z:1105966714)
3509;Dire Maul (X:591.92 Y:476.404 Z:1105966714)
2534;Alliance PVP Barracks (X:-0.358 Y:-1.98 Z:3196257082)
2530;Horde PVP Barracks (X:215.194 Y:71.157 Z:1106314579)
2416;Development Land (X:16186 Y:16286 Z:1112561864)
4750;Development Land (X:15683.66 Y:-15593.958 Z:1109331163)
4836;Development Land (X:15838.5 Y:15759.3 Z:1094509501)
4840;Development Land (X:14666.9 Y:-16268 Z:950519212)
4841;Development Land (X:14667.3 Y:-16165.5 Z:0)
4854;Development Land (X:16528.9 Y:16138.8 Z:1116398472)
4901;Development Land (X:9456.35 Y:-9920.73 Z:3079576377)
4905;Development Land (X:9542.03 Y:-9877.52 Z:3066647452)
4909;Development Land (X:16116.6 Y:16251.2 Z:1116398486)
4911;Development Land (X:9438.03 Y:-9826.76 Z:910775196)
4953;Development Land (X:4686.16 Y:-328.257 Z:1132960219)
4958;Development Land (X:-15914.1 Y:-12969.5 Z:1079168708)
4962;Development Land (X:4690.51 Y:-378.871 Z:1133005111)
5453;Development Land (X:15634.2 Y:-15578 Z:1109331149)
5477;Development Land (X:16217.3 Y:16185.5 Z:1116446838)
2426;Blackwing Lair (X:-7474.01 Y:-1286.34 Z:1138206441)
2427;Blackwing Lair (X:-7375.32 Y:-1240.14 Z:1140270039)
2428;Blackwing Lair (X:-7568.4 Y:-1375.66 Z:1139425542)
2429;Blackwing Lair (X:-7412.97 Y:-1371.59 Z:1137620615)
3626;Blackwing Lair (X:-7529.1 Y:-1007.19 Z:1137461330)
3728;Blackwing Lair (X:-7676.11 Y:-1109.71 Z:1137151934)
3646;Warsong Gulch (X:1539.89 Y:1481.36 Z:1135629402)
3647;Warsong Gulch (X:918.496 Y:1434.04 Z:1135412969)
3649;Warsong Gulch (X:1532.067 Y:1151.667 Z:1136327885)
3686;Warsong Gulch (X:1449.767 Y:1470.567 Z:1135300608)
3687;Warsong Gulch (X:1005.267 Y:1447.267 Z:1135080014)
3688;Warsong Gulch (X:1125.227 Y:1541.501 Z:1134146109)
3706;Warsong Gulch (X:1316.967 Y:1550.968 Z:1134337524)
3707;Warsong Gulch (X:1319.767 Y:1378.667 Z:1134387298)
3708;Warsong Gulch (X:1112.64 Y:1351.11 Z:1134448443)
3709;Warsong Gulch (X:1140.067 Y:1560.767 Z:1134127481)
4628;Warsong Gulch (X:1470 Y:1475 Z:1136319889)
4629;Warsong Gulch (X:973.293 Y:1444.83 Z:1136108536)
4006;Ruins of Ahn'Qiraj (X:-8419.58 Y:1504.28 Z:1107157634)
3866;Arathi Basin (X:1185.45 Y:1184.71 Z:3261166597)
3867;Arathi Basin (X:817.939 Y:842.369 Z:3261213075)
3868;Arathi Basin (X:809.008 Y:1185.277 Z:1094631141)
3869;Arathi Basin (X:1147.01 Y:816.854 Z:3267677258)
3870;Arathi Basin (X:989.852 Y:1009.16 Z:3257559495)
3948;Arathi Basin (X:1394.36 Y:1303.64 Z:3238029804)
3949;Arathi Basin (X:627.192 Y:699.957 Z:3242188708)
4020;Arathi Basin (X:1313.93 Y:1310.77 Z:3237383756)
4021;Arathi Basin (X:683.961 Y:681.23 Z:3243157278)
4674;Arathi Basin (X:976.84 Y:1046.28 Z:3257877765)
4064;Outland (X:7922.68 Y:-6501.51 Z:1111323391)
4071;Outland (X:7567.67 Y:-7359.47 Z:1126284526)
4108;Outland (X:7557.31 Y:-6889.65 Z:1119882655)
4109;Outland (X:7557.44 Y:-6888.65 Z:1122369536)
4150;Outland (X:-365.611 Y:3087.62 Z:3244880717)
4151;Outland (X:-310.211 Y:3091.59 Z:3229934168)
4152;Outland (X:-307.251 Y:3170.51 Z:1105678513)
4153;Outland (X:-309.678 Y:3079.12 Z:3270059098)
4170;Outland (X:-17.608 Y:3803.61 Z:1119629450)
4186;Outland (X:-3849.14 Y:-12812.3 Z:1092200799)
4233;Outland (X:9336.22 Y:-7883.46 Z:1117114794)
4240;Outland (X:-4133.42 Y:-12471.8 Z:1110591957)
4241;Outland (X:-2058.16 Y:-11895 Z:1111004335)
4252;Outland (X:-329.146 Y:2890.05 Z:3260239630)
4253;Outland (X:-274.726 Y:2804.727 Z:3256749535)
4265;Outland (X:8701.48 Y:-6636.8 Z:1115684864)
4267;Outland (X:9285.97 Y:-7916.01 Z:1127227720)
4280;Outland (X:-1163.69 Y:-11828.7 Z:1105645063)
4291;Outland (X:-111.149 Y:8751.44 Z:1100304089)
4293;Outland (X:-751.146 Y:5918.37 Z:1098295489)
4298;Outland (X:565.372 Y:6944.28 Z:3244641328)
4300;Outland (X:-201.4 Y:5515.04 Z:1102116972)
4301;Outland (X:-383.098 Y:7257.32 Z:1113448802)
4326;Outland (X:-2336.63 Y:-11971.4 Z:1107446805)
4336;Outland (X:192.903 Y:2607.37 Z:1118736679)
4337;Outland (X:-704.893 Y:2733.99 Z:1120403456)
4339;Outland (X:9851.13 Y:-7500.49 Z:3229617373)
4342;Outland (X:304.738 Y:6839.749 Z:1109496893)
4345;Outland (X:-3544.86 Y:4008.9 Z:1118606983)
4352;Outland (X:-247.677 Y:895.675 Z:1118353778)
4356;Outland (X:-248.243 Y:1042.73 Z:1113146864)
4363;Outland (X:782.879 Y:6741.94 Z:3264287946)
4364;Outland (X:818.487 Y:6951.3 Z:3265340427)
4365;Outland (X:745.839 Y:7015.27 Z:3264232620)
4368;Outland (X:-3279.52 Y:6024.61 Z:3215416109)
4369;Outland (X:-1511.62 Y:8528.24 Z:1078754940)
4370;Outland (X:-711.754 Y:7885.953 Z:1111064151)
4371;Outland (X:-790.687 Y:7719.68 Z:1111866370)
4372;Outland (X:-1338.25 Y:7223.77 Z:1108787069)
4373;Outland (X:229.352 Y:7933.05 Z:1108082688)
4374;Outland (X:282.22 Y:6099 Z:1124367008)
4375;Outland (X:-1224.93 Y:7158.39 Z:1113919350)
4376;Outland (X:-2734.68 Y:7308.69 Z:1116656081)
4377;Outland (X:-2912.374 Y:4024.911 Z:1054457555)
4378;Outland (X:-2620.05 Y:4461.38 Z:1108369316)
4380;Outland (X:-573.995 Y:4147.89 Z:1116277296)
4381;Outland (X:218.737 Y:4333.86 Z:1122899591)
4382;Outland (X:-172.555 Y:5524.599 Z:1105937056)
4383;Outland (X:1060.506 Y:7372.806 Z:1109220942)
4386;Outland (X:6107.26 Y:-6990.64 Z:1124684071)
4387;Outland (X:-3080.82 Y:5334.56 Z:1099574962)
4389;Outland (X:-2072.47 Y:5278.43 Z:3256175428)
4404;Outland (X:-3361.55 Y:5236.87 Z:3268024467)
4405;Outland (X:-3068.13 Y:4942.8 Z:3268024467)
4406;Outland (X:-3362.35 Y:4650.31 Z:3268024467)
4407;Outland (X:-3656.05 Y:4943.11 Z:3268024467)
4410;Outland (X:-1852.67 Y:5070.02 Z:3254830708)
4415;Outland (X:4160.23 Y:3051.61 Z:1135117271)
4416;Outland (X:843.885 Y:6865.24 Z:3263560391)
4422;Outland (X:3044.15 Y:3611.4 Z:1125089673)
4425;Outland (X:-1636.51 Y:5301.06 Z:3256931897)
4426;Outland (X:-1831.11 Y:5363.22 Z:3242645887)
4427;Outland (X:-1659.58 Y:5341.87 Z:3258691145)
4428;Outland (X:-1669.868 Y:5424.998 Z:3256569418)
4429;Outland (X:-1871.058 Y:5304.663 Z:3242645927)
4430;Outland (X:-1979.291 Y:5414.715 Z:3242645925)
4431;Outland (X:-1877.93 Y:5546.75 Z:3242645887)
4432;Outland (X:-2013.46 Y:5479.83 Z:1080947177)
4433;Outland (X:-2020.33 Y:5481.89 Z:1079134860)
4434;Outland (X:-1812.73 Y:5588.32 Z:1079134776)
4435;Outland (X:-1815.88 Y:5577.89 Z:1080947093)
4439;Outland (X:-591.48 Y:4074.54 Z:1119594493)
4440;Outland (X:-591.715 Y:4074.52 Z:1125073420)
4443;Outland (X:-2260.12 Y:3219.22 Z:1086318382)
4445;Outland (X:-2245.02 Y:3124.32 Z:1104878659)
4466;Outland (X:3114.18 Y:3687.98 Z:1125093081)
4467;Outland (X:3418.92 Y:1479.01 Z:1127747355)
4468;Outland (X:3314.78 Y:1325.92 Z:1140698251)
4469;Outland (X:2861.37 Y:1545.39 Z:1132210291)
4470;Outland (X:3087.18 Y:1364.53 Z:1127748141)
4471;Outland (X:3017.81 Y:3746.68 Z:1125138366)
4472;Outland (X:2951.23 Y:3720.13 Z:1125074797)
4473;Outland (X:4199.7 Y:1766.39 Z:1124414915)
4475;Outland (X:3923.06 Y:3873.36 Z:1127530627)
4478;Outland (X:4682.1 Y:2509.13 Z:1131429102)
4479;Outland (X:4131.01 Y:2930.3 Z:1135690449)
4482;Outland (X:4007.32 Y:1517.18 Z:3269974688)
4486;Outland (X:9477.67 Y:-6858.7 Z:1099619369)
4493;Outland (X:281.5 Y:6117 Z:1125253120)
4494;Outland (X:2405 Y:5941 Z:1125711872)
4495;Outland (X:4180.39 Y:3052.91 Z:1135111078)
4496;Outland (X:-3836.715 Y:2499.777 Z:1118396826)
4497;Outland (X:2345.53 Y:2790.44 Z:1124406657)
4499;Outland (X:2099.5 Y:6904.67 Z:1127693025)
4506;Outland (X:3905.64 Y:2104.29 Z:1124795417)
4507;Outland (X:3895.12 Y:2086.04 Z:1124650451)
4521;Outland (X:3070.64 Y:3699.79 Z:1125022237)
4523;Outland (X:4798.13 Y:3780.39 Z:1129700131)
4526;Outland (X:-2961.93 Y:2559.29 Z:1117587807)
4527;Outland (X:-2960.25 Y:2557.16 Z:1122107392)
4528;Outland (X:-4085 Y:2176 Z:1121933853)
4529;Outland (X:-4090.08 Y:2202 Z:1120039666)
4535;Outland (X:3556.79 Y:5083.41 Z:1069065007)
4542;Outland (X:2484.82 Y:6420.38 Z:3240454678)
4546;Outland (X:2035.67 Y:6835 Z:1127068467)
4548;Outland (X:-3300.38 Y:2927.28 Z:1126887457)
4555;Outland (X:4112.02 Y:3071 Z:1135197061)
4556;Outland (X:4131.54 Y:3070.05 Z:1135197061)
4557;Outland (X:4097.35 Y:3053.38 Z:1135247360)
4558;Outland (X:1945.36 Y:5537.42 Z:1132810404)
4560;Outland (X:-3277.38 Y:2819.63 Z:1123711715)
4561;Outland (X:-2829.78 Y:1953.76 Z:1128953283)
4562;Outland (X:-2745.24 Y:2730.42 Z:1124044112)
4563;Outland (X:-3279.63 Y:2828.46 Z:1123448127)
4566;Outland (X:-3278.77 Y:2831 Z:1123420733)
4576;Outland (X:3673.1 Y:6638.59 Z:1124148511)
4577;Outland (X:-2978.52 Y:864.132 Z:3236926576)
4578;Outland (X:-3277.6 Y:2801.42 Z:1123417194)
4579;Outland (X:-3277.47 Y:2803.09 Z:1123416277)
4580;Outland (X:3661.05 Y:6755.4 Z:1124368318)
4581;Outland (X:-4300.96 Y:1390.93 Z:1125121262)
4582;Outland (X:-4124.47 Y:1308.08 Z:1113099862)
4583;Outland (X:-4405.35 Y:1302.99 Z:1118430115)
4588;Outland (X:-4230.58 Y:1419.35 Z:1124237443)
4589;Outland (X:-4109.42 Y:1355.26 Z:1116744581)
4590;Outland (X:-4436.02 Y:1276.48 Z:1116683528)
4591;Outland (X:813.934 Y:6865.66 Z:3263655444)
4595;Outland (X:2230.12 Y:4716.43 Z:1126298157)
4598;Outland (X:-3671.96 Y:318.534 Z:1107096712)
4607;Outland (X:-4133.8 Y:1131.44 Z:1112014848)
4608;Outland (X:-4133.8 Y:1131.48 Z:1116995584)
4609;Outland (X:-4118 Y:1158.09 Z:1116767257)
4613;Outland (X:3784.54 Y:6727.67 Z:1126855279)
4615;Outland (X:3625.02 Y:6543.51 Z:1125843337)
4616;Outland (X:3734.4 Y:6639.75 Z:1124443488)
4617;Outland (X:3575.69 Y:6666.13 Z:1124105519)
4640;Outland (X:3020.92 Y:5434.32 Z:1125293556)
4713;Outland (X:-2106.04 Y:5107.84 Z:3205584225)
4722;Outland (X:8702.08 Y:-6636.34 Z:1120272384)
4738;Outland (X:6851.88 Y:-8008.73 Z:1128288616)
4847;Outland (X:12831.2 Y:-7011.44 Z:1112170352)
4851;Outland (X:9346.08 Y:-7266.77 Z:1097547016)
4852;Outland (X:-3999.62 Y:-11909.6 Z:3217109685)
4874;Outland (X:-1983.06 Y:5089.1 Z:1090212730)
4887;Outland (X:12878.8 Y:-7348.74 Z:1115885535)
4889;Outland (X:12551 Y:-6775.15 Z:1097914751)
5151;Outland (X:-4018.04 Y:-12151 Z:1074362958)
5152;Outland (X:-4105.23 Y:-12068.7 Z:1079457947)
5153;Outland (X:-4184 Y:-12084.5 Z:1075307474)
5154;Outland (X:-4156.46 Y:-12123.5 Z:1054715689)
5158;Outland (X:9348.22 Y:-7351.72 Z:1095429312)
5159;Outland (X:9290.88 Y:-7356.09 Z:1103102476)
5160;Outland (X:9252.74 Y:-7315.21 Z:1104154146)
5161;Outland (X:9218.45 Y:-7346.95 Z:1109161279)
4012;Ahn'Qiraj Temple (X:-8231.33 Y:2003.6 Z:1124195434)
4033;Ahn'Qiraj Temple (X:-8546.23 Y:1987.65 Z:3267431065)
4034;Ahn'Qiraj Temple (X:-8545.679 Y:1987.701 Z:3255026117)
4036;Ahn'Qiraj Temple (X:-8578 Y:1986.8 Z:1120432292)
4047;Ahn'Qiraj Temple (X:-8967.96 Y:1312.62 Z:3268502618)
4052;Ahn'Qiraj Temple (X:-8176.83 Y:1673.37 Z:3254837130)
4191;Karazhan (X:-11038.6 Y:-1969.2 Z:1119941034)
4216;Karazhan (X:-11178.6 Y:-1896.35 Z:1130889806)
4242;Karazhan (X:-11171.9 Y:-1908.02 Z:1130889806)
4436;Karazhan (X:-11118.4 Y:-2007.95 Z:1111249466)
4520;Karazhan (X:-11036.5 Y:-2001.65 Z:1119547333)
4522;Karazhan (X:-11048.2 Y:-1984.09 Z:1120626409)
5014;Karazhan (X:-11104.7 Y:-1961.55 Z:1117114624)
5015;Karazhan (X:-11099.7 Y:-1967.22 Z:1117278608)
4086;Naxxramas (X:3292.739 Y:-3151.591 Z:1133824204)
4087;Naxxramas (X:3291.107 Y:-3151.295 Z:1133824585)
4088;Naxxramas (X:3321.29 Y:-3119.88 Z:1133824246)
4097;Naxxramas (X:3320.936 Y:-3119.122 Z:1133824357)
4112;Naxxramas (X:3716.38 Y:-5106.78 Z:1124944445)
4113;Naxxramas (X:3432.81 Y:-3007.21 Z:1133759988)
4114;Naxxramas (X:3432.3 Y:-3007.28 Z:1133759988)
4115;Naxxramas (X:3322.74 Y:-3700.38 Z:1132681658)
4116;Naxxramas (X:2740 Y:-3383.42 Z:1132844974)
4117;Naxxramas (X:2917.03 Y:-3344.55 Z:1133843120)
4119;Naxxramas (X:3214.34 Y:-3476.68 Z:1133480247)
4120;Naxxramas (X:3493.45 Y:-5375.38 Z:1124739842)
4156;Naxxramas (X:3006.09 Y:-3434.17 Z:1134106870)
4158;Naxxramas (X:3754.55 Y:-5115.36 Z:1125019484)
4163;Naxxramas (X:3320.73 Y:-3115.07 Z:1133825524)
4166;Naxxramas (X:3310.224 Y:-2990.238 Z:1133728910)
4167;Naxxramas (X:3498.16 Y:-5349.03 Z:1125185487)
4177;Naxxramas (X:2661.04 Y:-3467.17 Z:1132663341)
4180;Naxxramas (X:3374.043 Y:-3059.254 Z:1133728966)
4184;Naxxramas (X:2793.959 Y:-3707.179 Z:1133135201)
5196;Naxxramas (X:3005.47 Y:-3445.11 Z:1133835878)
5197;Naxxramas (X:3016.94 Y:-3434.39 Z:1133835977)
5198;Naxxramas (X:3005.67 Y:-3423.28 Z:1133835944)
5199;Naxxramas (X:2994.63 Y:-3434.37 Z:1133835977)
4311;The Battle for Mount Hyjal (X:4162.02 Y:-4227.07 Z:1146702807)
4312;The Battle for Mount Hyjal (X:4284.15 Y:-4138.85 Z:1146663911)
4313;The Battle for Mount Hyjal (X:4203.64 Y:-4103.24 Z:1146853179)
4323;The Battle for Mount Hyjal (X:4273.8 Y:-4235.81 Z:1146652590)
4341;The Battle for Mount Hyjal (X:5189.88 Y:-3397.64 Z:1154245018)
4487;The Battle for Mount Hyjal (X:4274.66 Y:-4234.81 Z:1146651263)
4145;Hellfire Citadel: The Shattered Halls (X:-41.748 Y:-32.454 Z:3243800684)
4182;Hellfire Citadel: The Shattered Halls (X:-28.072 Y:-5.203 Z:3241033637)
4183;Hellfire Citadel: The Shattered Halls (X:-23.701 Y:-2.836 Z:3241247714)
4246;Hellfire Citadel: The Shattered Halls (X:281.84 Y:-84.566 Z:1074241227)
4347;Hellfire Citadel: The Shattered Halls (X:181.405 Y:220.67 Z:3248552411)
4524;Hellfire Citadel: The Shattered Halls (X:226.9 Y:266.491 Z:3243458744)
4575;Hellfire Citadel: The Shattered Halls (X:483.441 Y:233.694 Z:1048678240)
4147;Hellfire Citadel: The Blood Furnace (X:0.277 Y:27.549 Z:3258124468)
4200;Hellfire Citadel: The Blood Furnace (X:327.363 Y:-153.923 Z:3247431012)
4201;Hellfire Citadel: The Blood Furnace (X:326.418 Y:-160.035 Z:3248338292)
4297;Hellfire Citadel: Ramparts (X:-1360.18 Y:1631.94 Z:1116266430)
4304;Hellfire Citadel: Ramparts (X:-1070 Y:1732 Z:1108082688)
4149;Magtheridon's Lair (X:189.018 Y:57.103 Z:1116223268)
4192;Magtheridon's Lair (X:-39.738 Y:18.284 Z:3201510901)
4193;Magtheridon's Lair (X:-13.63 Y:27.318 Z:3201511673)
4194;Magtheridon's Lair (X:7.182 Y:1.72 Z:3201240654)
4195;Magtheridon's Lair (X:-11.573 Y:-25.558 Z:3201511069)
4196;Magtheridon's Lair (X:-20.714 Y:-0.353 Z:3201274007)
4366;Coilfang: The Steamvault (X:-29.304 Y:4.546 Z:3230256752)
4281;Coilfang: The Underbog (X:331.801 Y:-331.266 Z:1102152099)
4292;Coilfang: The Underbog (X:330.185 Y:-384.734 Z:1111558482)
4302;Coilfang: The Underbog (X:234.98 Y:-379.276 Z:1116801873)
4303;Coilfang: The Underbog (X:162.528 Y:-459.92 Z:1116956643)
4367;Coilfang: The Underbog (X:3.969 Y:-8.231 Z:3224377785)
4295;Coilfang: The Slave Pens (X:-139.877 Y:-753.076 Z:1108843246)
4379;Coilfang: The Slave Pens (X:120.382 Y:-144.004 Z:3198249645)
4411;Coilfang: The Slave Pens (X:-85.934 Y:-490.414 Z:3217723127)
4418;Coilfang: Serpentshrine Cavern (X:-13.081 Y:1.481 Z:1145977750)
4652;Coilfang: Serpentshrine Cavern (X:39 Y:-418 Z:3248229817)
4457;Tempest Keep (X:-25.827 Y:-0.899 Z:3223022228)
4455;Tempest Keep: The Arcatraz (X:-11.15 Y:0.064 Z:3193074377)
4459;Tempest Keep: The Botanica (X:53.135 Y:-40.983 Z:3213754326)
4612;Tempest Keep: The Botanica (X:166.009 Y:391.59 Z:3256114846)
4461;Tempest Keep: The Mechanar (X:-47.159 Y:0.087 Z:3219651517)
4614;Tempest Keep: The Mechanar (X:65.968 Y:149.679 Z:1103930746)
4397;Auchindoun: Shadow Labyrinth (X:13.237 Y:-0.036 Z:3213909767)
4399;Auchindoun: Sethekk Halls (X:-14.381 Y:-0.531 Z:1005976904)
4401;Auchindoun: Mana-Tombs (X:13.069 Y:1.372 Z:3212069994)
4403;Auchindoun: Auchenai Crypts (X:-33.93 Y:0.443 Z:3187071758)
4536;Nagrand Arena (X:4009.19 Y:2895.25 Z:1095817180)
4537;Nagrand Arena (X:4103.33 Y:2946.35 Z:1095815712)
4917;Nagrand Arena (X:4054.15 Y:2923.7 Z:3256877056)
5006;Nagrand Arena (X:4054.15 Y:2923.7 Z:0)
5008;Nagrand Arena (X:4054.15 Y:2923.7 Z:3248488448)
4324;The Escape From Durnholde (X:2768.3 Y:1292.79 Z:1096428605)
4498;The Escape From Durnholde (X:1810.9 Y:1033.22 Z:1093737959)
4501;The Escape From Durnholde (X:1872.1 Y:1078.67 Z:1099757781)
4502;The Escape From Durnholde (X:1822.64 Y:991.42 Z:1094098774)
4503;The Escape From Durnholde (X:1794.72 Y:1018.69 Z:1093977978)
4504;The Escape From Durnholde (X:1900.87 Y:1111.92 Z:1099986213)
4538;Blade's Edge Arena (X:6248.73 Y:274.695 Z:1093896818)
4539;Blade's Edge Arena (X:6228.21 Y:249.557 Z:1093892624)
4919;Blade's Edge Arena (X:6188.01 Y:320 Z:1101004800)
4921;Blade's Edge Arena (X:6288.22 Y:210 Z:1101004800)
4922;Blade's Edge Arena (X:6214.87 Y:200.261 Z:1101004800)
4923;Blade's Edge Arena (X:6187.77 Y:196.88 Z:1101004800)
4924;Blade's Edge Arena (X:6264.76 Y:329.752 Z:1079673451)
4925;Blade's Edge Arena (X:6290.77 Y:333.412 Z:1101004800)
4944;Blade's Edge Arena (X:6237.84 Y:261.363 Z:3248488448)
5039;Blade's Edge Arena (X:6237.84 Y:261.363 Z:3256877056)
5040;Blade's Edge Arena (X:6237.84 Y:261.363 Z:3262119936)
4619;Black Temple (X:75.829 Y:997.844 Z:3266553800)
4648;Black Temple (X:706.4 Y:305.061 Z:1135666889)
4649;Black Temple (X:678.185 Y:285.959 Z:1135735636)
4650;Black Temple (X:676.404 Y:323.603 Z:1135722791)
4653;Black Temple (X:677.052 Y:323.685 Z:1135724102)
4654;Black Temple (X:676.522 Y:286.521 Z:1135725347)
4655;Black Temple (X:639.987 Y:306.817 Z:1135649980)
4656;Black Temple (X:855.839 Y:1148.58 Z:1094355046)
4657;Black Temple (X:1166.62 Y:1199.82 Z:3260994368)
4665;Black Temple (X:517.279 Y:403.156 Z:1128346419)
4760;Black Temple (X:760.824 Y:237.677 Z:1135650669)
4534;Gruul's Lair (X:21.27 Y:-2.935 Z:1032049771)
4476;Eye of the Storm (X:2048.48 Y:1393.6 Z:1150636360)
4512;Eye of the Storm (X:2048.47 Y:1393.59 Z:1150636360)
4514;Eye of the Storm (X:2044 Y:1729.73 Z:1150599414)
4515;Eye of the Storm (X:2043.95 Y:1729.78 Z:1150599496)
4516;Eye of the Storm (X:2284.78 Y:1731.12 Z:1150599823)
4517;Eye of the Storm (X:2284.77 Y:1731.11 Z:1150599823)
4518;Eye of the Storm (X:2286.56 Y:1402.36 Z:1150658888)
4519;Eye of the Storm (X:2286.56 Y:1402.34 Z:1150658888)
4530;Eye of the Storm (X:1807.71 Y:1539.58 Z:1151238144)
4531;Eye of the Storm (X:2523.48 Y:1596.56 Z:1151246336)
4568;Eye of the Storm (X:2050.46 Y:1372.26 Z:1150636524)
4569;Eye of the Storm (X:2046.33 Y:1748.81 Z:1150599414)
4570;Eye of the Storm (X:2283.38 Y:1748.98 Z:1150596792)
4571;Eye of the Storm (X:2302.69 Y:1391.27 Z:1150662820)
5866;Eye of the Storm (X:2024.6 Y:1743.04 Z:1150638817)
4723;Zul'Aman (X:-80.146 Y:1345.64 Z:1109595547)
4724;Zul'Aman (X:-37.061 Y:1149.98 Z:1100513857)
4725;Zul'Aman (X:362.48 Y:1402.7 Z:1117053112)
4726;Zul'Aman (X:369.784 Y:1100.72 Z:1086444567)
4739;Zul'Aman (X:120.56 Y:1789.88 Z:1110312432)
4768;Zul'Aman (X:124.796 Y:1471.83 Z:1099275646)
4782;Zul'Aman (X:-34.456 Y:1089.49 Z:1100329255)
4745;Northrend (X:1257.11 Y:-4854.48 Z:1109720564)
4747;Northrend (X:1226.23 Y:-4861.7 Z:1130314007)
4753;Northrend (X:1451.44 Y:-3277.97 Z:1127502971)
4755;Northrend (X:2683.27 Y:-4392.06 Z:1133391348)
4756;Northrend (X:2486.59 Y:-5063.61 Z:1133390529)
4778;Northrend (X:1062.93 Y:-5036.55 Z:1092536804)
4779;Northrend (X:914.632 Y:-5576.55 Z:1128701100)
4806;Northrend (X:2563.22 Y:-5008.76 Z:1133697663)
4850;Northrend (X:3841.5 Y:6415.01 Z:1104211241)
4857;Northrend (X:4111.4 Y:3734.86 Z:1119373610)
4858;Northrend (X:4094.13 Y:3493.5 Z:1124313793)
4860;Northrend (X:3794.66 Y:3431.49 Z:1118171641)
4861;Northrend (X:4512.05 Y:5709.59 Z:1117979161)
4867;Northrend (X:4177.1 Y:5280.73 Z:1108264380)
4868;Northrend (X:3464.73 Y:4169.05 Z:1099533124)
4871;Northrend (X:2782.77 Y:6575.04 Z:1111747749)
4872;Northrend (X:2879.86 Y:6477.7 Z:1117668324)
4873;Northrend (X:3073.21 Y:6301.74 Z:1119685352)
4883;Northrend (X:3210.94 Y:6091.29 Z:1124730601)
4894;Northrend (X:3728.83 Y:5146.3 Z:1103431257)
4896;Northrend (X:3964.91 Y:5462.49 Z:1105362525)
4899;Northrend (X:4012.53 Y:4832.46 Z:3243136411)
4910;Northrend (X:2814.05 Y:6205.06 Z:1118569352)
4914;Northrend (X:3571.27 Y:6650.79 Z:1128476180)
4916;Northrend (X:4154.01 Y:7424.17 Z:1141212905)
4946;Northrend (X:4784.3 Y:-4404.07 Z:1128673116)
4947;Northrend (X:4662.24 Y:-4609.61 Z:1129367208)
4948;Northrend (X:4530.12 Y:-4442.18 Z:1127897825)
4949;Northrend (X:3831.36 Y:1582.25 Z:1133580812)
4950;Northrend (X:3684.76 Y:2154.15 Z:1108095848)
4951;Northrend (X:2432.4 Y:1702.13 Z:3244070692)
4952;Northrend (X:4013.18 Y:5376.05 Z:1103248857)
4956;Northrend (X:3107.73 Y:616.759 Z:1103635572)
4960;Northrend (X:3819.71 Y:1537.18 Z:1119056626)
4961;Northrend (X:2293.72 Y:5195.29 Z:1094930609)
4963;Northrend (X:2418.66 Y:6455.67 Z:1113188860)
4964;Northrend (X:3474.56 Y:2009.88 Z:1115798595)
4965;Northrend (X:3410.58 Y:-2792.51 Z:1128891744)
4966;Northrend (X:4600.54 Y:-4241.68 Z:1127406305)
4967;Northrend (X:3873.29 Y:-4544.74 Z:1129411707)
4968;Northrend (X:4245.74 Y:1035.63 Z:1114278907)
4969;Northrend (X:4153.41 Y:1100.76 Z:1114354169)
4970;Northrend (X:3275.55 Y:-2186.71 Z:1121989296)
4971;Northrend (X:4676.14 Y:-62.811 Z:1116324141)
4972;Northrend (X:4679.39 Y:-126.663 Z:1117005244)
4973;Northrend (X:4631.7 Y:-258.707 Z:1118149765)
4974;Northrend (X:4594.69 Y:-334.825 Z:1118175337)
4975;Northrend (X:2777.36 Y:930.287 Z:1102335810)
4976;Northrend (X:700.152 Y:-2933.4 Z:3225706834)
4977;Northrend (X:3003.4 Y:4050.11 Z:1104343571)
4979;Northrend (X:3215.04 Y:-677.957 Z:1127219200)
4983;Northrend (X:3902.79 Y:6985.69 Z:1117126656)
4984;Northrend (X:2724.92 Y:-241.81 Z:1125041177)
4985;Northrend (X:4376.71 Y:1681.46 Z:1124233183)
4986;Northrend (X:4415.35 Y:1852.89 Z:1126446203)
4987;Northrend (X:2827.86 Y:-423.103 Z:1122951496)
4988;Northrend (X:4527.15 Y:1741.89 Z:1126722699)
4989;Northrend (X:4569.93 Y:1674.32 Z:1126906855)
4993;Northrend (X:3635 Y:-712 Z:1130430464)
4998;Northrend (X:4775.32 Y:-2017.16 Z:1131085824)
5003;Northrend (X:6375.71 Y:-2611.99 Z:1134532690)
5010;Northrend (X:8922.03 Y:-963.434 Z:1149468672)
5030;Northrend (X:6721.12 Y:5113.89 Z:3245391164)
5045;Northrend (X:3842.4 Y:1478.42 Z:1119160435)
5046;Northrend (X:4873.24 Y:5170.08 Z:3265529093)
5048;Northrend (X:4884.94 Y:5175.64 Z:3265751011)
5051;Northrend (X:6175.18 Y:-2017.31 Z:1131746296)
5052;Northrend (X:5718.06 Y:-4384.45 Z:1136727753)
5056;Northrend (X:5961.35 Y:-2168.95 Z:1137901568)
5057;Northrend (X:5365.84 Y:-2283.55 Z:1136033792)
5058;Northrend (X:6287.96 Y:-3780.31 Z:1139815842)
5059;Northrend (X:5968.3 Y:-3316.75 Z:1137180672)
5060;Northrend (X:6967.72 Y:-4266.59 Z:1141637120)
5061;Northrend (X:6175.41 Y:-2017.66 Z:1137319051)
5062;Northrend (X:5451.11 Y:-2632.32 Z:1134108770)
5079;Northrend (X:6175.17 Y:-2017.84 Z:1137572512)
5080;Northrend (X:6175.24 Y:-2017.43 Z:1138982846)
5093;Northrend (X:9188.82 Y:-1390.01 Z:1150222336)
5095;Northrend (X:6630.66 Y:-4605.93 Z:1141637120)
5096;Northrend (X:6230.04 Y:-4213.37 Z:1140129792)
5097;Northrend (X:5245 Y:-3422.66 Z:1135291957)
5098;Northrend (X:6042.68 Y:-1895.15 Z:1134886912)
5108;Northrend (X:6309.87 Y:5950.04 Z:1118037934)
5117;Northrend (X:3668.29 Y:2174.63 Z:1108406252)
5163;Northrend (X:6045.3 Y:-652.204 Z:1136180494)
5164;Northrend (X:5765.54 Y:-3579.86 Z:1136752361)
5171;Northrend (X:7028.99 Y:-56.58 Z:1145746293)
5172;Northrend (X:6910.91 Y:93.258 Z:1145697501)
5173;Northrend (X:6959.41 Y:12.027 Z:1145690931)
5174;Northrend (X:5753.28 Y:-1479.34 Z:1131046502)
5175;Northrend (X:5693.46 Y:-1383.6 Z:1130958225)
5176;Northrend (X:5951.35 Y:-1850.41 Z:1131958043)
5177;Northrend (X:5544.95 Y:-1853.57 Z:1131299996)
5182;Northrend (X:6679.05 Y:-198.673 Z:1148055224)
5183;Northrend (X:6123.03 Y:-1090.65 Z:1137288708)
5187;Northrend (X:6314.34 Y:-1763.83 Z:1139055231)
5190;Northrend (X:6153.93 Y:-1075.59 Z:1137256268)
5191;Northrend (X:3681.29 Y:-1280.19 Z:1131968332)
5192;Northrend (X:3680.64 Y:-1258.16 Z:1131975082)
5193;Northrend (X:3659.26 Y:-1281.22 Z:1131974885)
5194;Northrend (X:3658.04 Y:-1259.02 Z:1131975082)
5200;Northrend (X:7115.28 Y:-1632.58 Z:1145904923)
5204;Northrend (X:8414.79 Y:-369.309 Z:1147338752)
5205;Northrend (X:6700.48 Y:-4666.02 Z:1139090555)
5206;Northrend (X:6976.54 Y:-4396.33 Z:1139064832)
5209;Northrend (X:5675.43 Y:480.919 Z:1143262314)
5215;Northrend (X:3639.4 Y:2027.2 Z:1087373312)
5217;Northrend (X:5570.28 Y:5766.9 Z:3264639887)
5227;Northrend (X:6220.03 Y:0.873 Z:1137573003)
5243;Northrend (X:3442.63 Y:260.951 Z:3267887104)
5245;Northrend (X:6466.35 Y:2038.31 Z:1141813264)
5246;Northrend (X:3869.84 Y:6984.16 Z:1122041856)
5248;Northrend (X:6379.54 Y:455.328 Z:1140878393)
5254;Northrend (X:5172.12 Y:-1666.76 Z:1137519362)
5257;Northrend (X:4851.22 Y:1463.7 Z:1129430974)
5258;Northrend (X:5494.88 Y:2839.81 Z:1137862607)
5273;Northrend (X:5886.27 Y:651.449 Z:1142947840)
5274;Northrend (X:6316.85 Y:-1740.33 Z:1139037962)
5275;Northrend (X:6311.61 Y:-1704.91 Z:1139002474)
5280;Northrend (X:7239.67 Y:1586.82 Z:1135966749)
5281;Northrend (X:7628.86 Y:2060.73 Z:1142296723)
5282;Northrend (X:7889.2 Y:2057.98 Z:1142296723)
5283;Northrend (X:5832.89 Y:630.354 Z:1145159680)
5284;Northrend (X:7487.44 Y:2060.77 Z:1140448559)
5285;Northrend (X:7761.55 Y:2056.05 Z:1140455375)
5286;Northrend (X:8110 Y:1985.68 Z:1140448592)
5287;Northrend (X:8151.9 Y:2403.74 Z:1140905296)
5290;Northrend (X:3870.29 Y:6984.2 Z:1125767381)
5294;Northrend (X:5157.16 Y:2196.49 Z:1136450175)
5296;Northrend (X:5088.93 Y:2281.11 Z:1135739077)
5298;Northrend (X:5116.47 Y:3482.9 Z:1135814279)
5300;Northrend (X:5022.31 Y:3695.46 Z:1135959835)
5302;Northrend (X:4327.36 Y:3207.78 Z:1136263856)
5304;Northrend (X:4344.14 Y:2407.98 Z:1136350331)
5305;Northrend (X:6784.68 Y:1788.29 Z:1141841609)
5306;Northrend (X:7024.48 Y:2133.31 Z:1142671098)
5307;Northrend (X:7198.39 Y:1968.57 Z:1141833744)
5308;Northrend (X:6978.62 Y:1727.3 Z:1140821197)
5309;Northrend (X:8535.54 Y:2660.67 Z:1143117464)
5310;Northrend (X:5825.04 Y:642.557 Z:1143076143)
5312;Northrend (X:7143.62 Y:1833.16 Z:1140856373)
5313;Northrend (X:7049.74 Y:1759.08 Z:1140531036)
5314;Northrend (X:3538.93 Y:358.568 Z:1112614607)
5315;Northrend (X:3637.8 Y:282.853 Z:1112599691)
5316;Northrend (X:3555.3 Y:183.757 Z:1112616049)
5317;Northrend (X:3451.58 Y:263.978 Z:1112599508)
5318;Northrend (X:3650.44 Y:283.794 Z:3270531219)
5323;Northrend (X:7796.74 Y:-2970.72 Z:1151164826)
5327;Northrend (X:5832.89 Y:501.11 Z:1143232479)
5332;Northrend (X:3798.62 Y:3581.19 Z:1112465369)
5334;Northrend (X:3739.66 Y:3567.29 Z:1133601915)
5338;Northrend (X:3787.57 Y:3558.11 Z:1139583287)
5339;Northrend (X:3739.5 Y:3567 Z:1135265841)
5340;Northrend (X:3738.64 Y:3567.67 Z:1133855441)
5341;Northrend (X:3740.32 Y:3567.88 Z:1133855441)
5360;Northrend (X:7843.93 Y:-799.789 Z:1150548378)
5379;Northrend (X:9364.36 Y:-1113.44 Z:1151664128)
5392;Northrend (X:8466.18 Y:871.097 Z:1141428929)
5403;Northrend (X:8484.93 Y:927.895 Z:1141429191)
5404;Northrend (X:8574.47 Y:667.114 Z:1141430256)
5405;Northrend (X:8421.39 Y:704.43 Z:1141429649)
5440;Northrend (X:4200.28 Y:5265.83 Z:1107121668)
5460;Northrend (X:4866.42 Y:5168.27 Z:3265709788)
5461;Northrend (X:4880.21 Y:5173.42 Z:3265673429)
5500;Northrend (X:8454.51 Y:459.434 Z:1142228124)
5503;Northrend (X:8515.21 Y:744.413 Z:1141684732)
5505;Northrend (X:8562.6 Y:791.785 Z:1141684617)
5635;Northrend (X:5678.56 Y:1995.28 Z:1145700352)
5636;Northrend (X:5627.41 Y:1957.32 Z:1145880576)
5637;Northrend (X:5584.11 Y:2003.16 Z:1145687245)
5650;Northrend (X:4800.01 Y:-578.349 Z:1126158107)
5670;Northrend (X:5772.11 Y:2063.27 Z:1143063577)
5691;Northrend (X:5816.22 Y:760.519 Z:1142958785)
5692;Northrend (X:5815.7 Y:761.745 Z:1142957392)
5693;Northrend (X:5783.06 Y:538.762 Z:1142989767)
5694;Northrend (X:5782.74 Y:541.599 Z:1142980608)
5774;Northrend (X:5805.95 Y:605.464 Z:1143200530)
5869;Northrend (X:3608.19 Y:186.17 Z:3267887104)
4696;Ruins of Lordaeron (X:1328.72 Y:1632.72 Z:1108536302)
4697;Ruins of Lordaeron (X:1243.3 Y:1699.17 Z:1108049291)
4927;Ruins of Lordaeron (X:1200.33 Y:1682.09 Z:1107578873)
4928;Ruins of Lordaeron (X:1223.61 Y:1630.81 Z:1107455404)
4929;Ruins of Lordaeron (X:1359.18 Y:1692.25 Z:1108625457)
4930;Ruins of Lordaeron (X:1371.51 Y:1649.08 Z:1107953949)
4931;Ruins of Lordaeron (X:1299.76 Y:1554.74 Z:1109393408)
4932;Ruins of Lordaeron (X:1274.51 Y:1774.68 Z:1104694005)
4933;Ruins of Lordaeron (X:1246.06 Y:1743.62 Z:1109393408)
4934;Ruins of Lordaeron (X:1305.44 Y:1754.14 Z:1109393408)
4935;Ruins of Lordaeron (X:1321.62 Y:1586.98 Z:1109393408)
4936;Ruins of Lordaeron (X:1269.12 Y:1579.99 Z:1109393408)
4941;Ruins of Lordaeron (X:1285.36 Y:1667.68 Z:1092616192)
5041;Ruins of Lordaeron (X:1285.36 Y:1667.68 Z:3240099840)
5042;Ruins of Lordaeron (X:1285.36 Y:1667.68 Z:3253731328)
4741;Utgarde Keep (X:136.729 Y:-90.447 Z:1095294570)
4757;Utgarde Keep (X:260.497 Y:231.137 Z:1110125157)
4762;Utgarde Keep (X:164.325 Y:-83.173 Z:1095295094)
4764;Utgarde Keep (X:168.774 Y:-79.551 Z:1095295094)
4791;Utgarde Keep (X:377.471 Y:-69.209 Z:1103454582)
4792;Utgarde Keep (X:373.926 Y:-56.262 Z:1102450242)
4793;Utgarde Keep (X:369.698 Y:-43.662 Z:1103178976)
4838;Utgarde Keep (X:273.722 Y:-148.903 Z:1128143520)
4743;Utgarde Pinnacle (X:595.19 Y:-328.292 Z:1122126266)
4991;Utgarde Pinnacle (X:330.903 Y:-508.43 Z:1120963396)
5140;Utgarde Pinnacle (X:312.646 Y:-291.173 Z:1121019757)
4954;The Nexus (X:184.844 Y:-6.532 Z:3240099840)
4955;The Nexus (X:184.844 Y:-6.532 Z:3240099840)
4981;The Nexus (X:145.759 Y:-17.642 Z:3243245568)
5004;The Nexus (X:601.694 Y:-255.2 Z:3277914112)
5001;The Oculus (X:1084.35 Y:1054.62 Z:1130430464)
4853;The Sunwell (X:1595.6 Y:679.533 Z:1112704365)
4891;The Sunwell (X:1797.29 Y:925.317 Z:1097918421)
4937;The Sunwell (X:1807.27 Y:597.651 Z:1112539136)
5626;The Sunwell (X:1766.94 Y:683.09 Z:1116627298)
5652;The Sunwell (X:1772.63 Y:683.451 Z:1116627298)
5664;The Sunwell (X:1772.94 Y:681.028 Z:1116627298)
5681;The Sunwell (X:1703.89 Y:865.252 Z:1104484866)
5682;The Sunwell (X:1698.94 Y:865.217 Z:1103944063)
5684;The Sunwell (X:1681.66 Y:578.431 Z:1106936332)
5685;The Sunwell (X:1645.88 Y:609.795 Z:1106939111)
4849;Magister's Terrace (X:231.891 Y:-271.377 Z:3237271055)
4885;Magister's Terrace (X:-5.895 Y:-0.124 Z:3224594463)
5085;The Culling of Stratholme (X:1807.49 Y:1275.99 Z:1124969808)
5148;The Culling of Stratholme (X:1427.34 Y:564.166 Z:1108865896)
5181;The Culling of Stratholme (X:2235.44 Y:1472.05 Z:1124359471)
5249;The Culling of Stratholme (X:2110.99 Y:1372.9 Z:1124365304)
5250;The Culling of Stratholme (X:2199.55 Y:1294.17 Z:1124475208)
5251;The Culling of Stratholme (X:2148.53 Y:1260.91 Z:1124523377)
5252;The Culling of Stratholme (X:2233.9 Y:1136.18 Z:1124797121)
5253;The Culling of Stratholme (X:2325.31 Y:1153.54 Z:1124552016)
5256;The Culling of Stratholme (X:2384.66 Y:1202.81 Z:1124469375)
5291;The Culling of Stratholme (X:1561.31 Y:580.874 Z:1120372510)
5795;The Culling of Stratholme (X:2107.15 Y:1289.28 Z:1124664672)
5012;Halls of Stone (X:1153.87 Y:816.262 Z:1128487322)
5000;Drak'Tharon Keep (X:-519.182 Y:-481.424 Z:1098907648)
5113;Azjol-Nerub (X:404.282 Y:53.538 Z:1132227985)
5115;Azjol-Nerub (X:405.542 Y:803.135 Z:1146092143)
5292;Azjol-Nerub (X:549.182 Y:433.335 Z:1133445120)
5082;Halls of Lightning (X:1225.81 Y:-164.372 Z:1114636288)
5083;Halls of Lightning (X:1187.09 Y:-164.228 Z:1114636288)
5084;Halls of Lightning (X:1174.98 Y:-193.799 Z:1114636288)
5091;Halls of Lightning (X:1330.84 Y:281.896 Z:1115815936)
5357;Ulduar (X:2133.78 Y:-312.115 Z:1138531795)
5358;Ulduar (X:-811.104 Y:-158.974 Z:1138819072)
5359;Ulduar (X:-841.468 Y:-147.115 Z:1138819072)
5366;Ulduar (X:477.85 Y:754.044 Z:1135701721)
5369;Ulduar (X:139.019 Y:56.201 Z:1137501929)
5381;Ulduar (X:-927 Y:-149.059 Z:1141473280)
5388;Ulduar (X:-771.43 Y:-149.452 Z:1138166268)
5390;Ulduar (X:1800 Y:-22.977 Z:1137867260)
5398;Ulduar (X:583.055 Y:-9.909 Z:1137501929)
5399;Ulduar (X:1752.9 Y:-27.007 Z:1138779914)
5400;Ulduar (X:1637.89 Y:-164.639 Z:1138073895)
5401;Ulduar (X:1640.77 Y:-164.218 Z:1138073993)
5402;Ulduar (X:2309.72 Y:1430 Z:1136787456)
5414;Ulduar (X:-349.794 Y:-106.074 Z:1137501929)
5415;Ulduar (X:-181.2 Y:72.678 Z:1137860182)
5416;Ulduar (X:74.258 Y:-184.422 Z:1137616224)
5417;Ulduar (X:117.374 Y:179.935 Z:1137501929)
5420;Ulduar (X:-705.737 Y:-92.301 Z:1138159550)
5423;Ulduar (X:131.036 Y:-128.303 Z:1137501929)
5426;Ulduar (X:-54.91 Y:-66.94 Z:1137501929)
5427;Ulduar (X:588.018 Y:62.749 Z:1137332093)
5428;Ulduar (X:-401.944 Y:-14.549 Z:1137501929)
5432;Ulduar (X:2307.1 Y:1415 Z:1137690214)
5433;Ulduar (X:1629.08 Y:-308.357 Z:1136852992)
5442;Ulduar (X:44.472 Y:-32.559 Z:1137501929)
5443;Ulduar (X:-513.849 Y:31.768 Z:1137501929)
5231;Gundrak (X:1896.96 Y:825.632 Z:1127809024)
5233;Gundrak (X:1913.79 Y:644.727 Z:1125122048)
5276;Gundrak (X:1981.12 Y:841.819 Z:1125122048)
5277;Gundrak (X:1899.31 Y:658.894 Z:1127809024)
5354;Strand of the Ancients (X:1357.06 Y:-323.051 Z:1108562595)
5355;Strand of the Ancients (X:1367.55 Y:219.315 Z:1108625116)
5356;Strand of the Ancients (X:978.717 Y:-3.432 Z:1118662112)
5211;Violet Hold (X:1798.74 Y:803.858 Z:1111324020)
5017;Ebon Hold (X:2990.57 Y:-5632.36 Z:1134917812)
5029;Ebon Hold (X:2985.49 Y:-5640.01 Z:1134797423)
5086;Ebon Hold (X:1410.06 Y:-5834.19 Z:1124363796)
5087;Ebon Hold (X:1877.31 Y:-5769 Z:1118281073)
5088;Ebon Hold (X:1407.9 Y:-5836.55 Z:1124809703)
5089;Ebon Hold (X:1392.85 Y:-5831.53 Z:1124899488)
5094;Ebon Hold (X:1319.81 Y:-5771.6 Z:1124712382)
5099;Ebon Hold (X:1322.28 Y:-5742.74 Z:1124694426)
5100;Ebon Hold (X:1320.78 Y:-5763.85 Z:1124716970)
5101;Ebon Hold (X:1330.72 Y:-5755.86 Z:1124694753)
5102;Ebon Hold (X:1321.06 Y:-5754.2 Z:1124691411)
5103;Ebon Hold (X:1328.69 Y:-5771.26 Z:1124714021)
5104;Ebon Hold (X:1330.1 Y:-5764.62 Z:1124717101)
5105;Ebon Hold (X:1330.72 Y:-5748.67 Z:1124689052)
5106;Ebon Hold (X:1330.5 Y:-5741.34 Z:1124700324)
5107;Ebon Hold (X:1321.79 Y:-5748.83 Z:1124688331)
5228;The Obsidian Sanctum (X:3242.99 Y:554.3 Z:1114310260)
5229;The Obsidian Sanctum (X:3244.34 Y:512.375 Z:1114263650)
5241;The Obsidian Sanctum (X:3228.4 Y:380.247 Z:1117126656)
5342;The Eye of Eternity (X:754.597 Y:1301.74 Z:1128792064)
5326;Dalaran Sewers (X:1330 Y:800 Z:3240099840)
5328;Dalaran Sewers (X:1289.72 Y:736.613 Z:1078605958)
5329;Dalaran Sewers (X:1292.05 Y:845.273 Z:1085550174)
5330;Dalaran Sewers (X:1238.08 Y:780.106 Z:1078606084)
5331;Dalaran Sewers (X:1348.5 Y:792.828 Z:1081388250)
5343;Dalaran Sewers (X:1330 Y:800 Z:3256877056)
5344;Dalaran Sewers (X:1330 Y:800 Z:3262119936)
5347;Dalaran Sewers (X:1249.43 Y:764.601 Z:1101773511)
5348;Dalaran Sewers (X:1333.51 Y:817.031 Z:1101733560)
5224;The Ring of Valor (X:765.146 Y:-294.883 Z:3212836864)
5226;The Ring of Valor (X:764.301 Y:-272.007 Z:3212836864)
5447;The Ring of Valor (X:801.663 Y:-278.857 Z:3250585600)
5473;The Ring of Valor (X:743.663 Y:-272.491 Z:1105557769)
5474;The Ring of Valor (X:783.203 Y:-271.969 Z:1105560863)
5213;Ahn'kahet: The Old Kingdom (X:332.397 Y:-1110.7 Z:1116834942)
5235;Ahn'kahet: The Old Kingdom (X:523.231 Y:-300.268 Z:1116649619)
5322;Ahn'kahet: The Old Kingdom (X:548.746 Y:-1001.95 Z:1108853313)
5262;Vault of Archavon (X:-517.96 Y:-103.653 Z:1125949374)
5530;Isle of Conquest (X:1049.31 Y:-225 Z:1117931189)
5535;Isle of Conquest (X:1216.88 Y:-763.715 Z:1111730763)
5536;Isle of Conquest (X:350.885 Y:-832.693 Z:1112014848)
5555;Isle of Conquest (X:340.625 Y:-836.116 Z:1111730736)
5604;Icecrown Citadel (X:4396.57 Y:2482.97 Z:1129013314)
5608;Icecrown Citadel (X:51.471 Y:2212.38 Z:1106308340)
5609;Icecrown Citadel (X:61.191 Y:2209.12 Z:1106308340)
5611;Icecrown Citadel (X:-142.085 Y:2211.32 Z:1108143899)
5612;Icecrown Citadel (X:-205.858 Y:2210.07 Z:1108143899)
5616;Icecrown Citadel (X:4356.88 Y:2700.5 Z:1135707128)
5617;Icecrown Citadel (X:4313.91 Y:2672.05 Z:1135370895)
5618;Icecrown Citadel (X:4386.04 Y:2668.74 Z:1135504458)
5619;Icecrown Citadel (X:4356.75 Y:2653.26 Z:1135578350)
5623;Icecrown Citadel (X:4181.28 Y:2483.65 Z:1129515057)
5628;Icecrown Citadel (X:-497.943 Y:2324.31 Z:1128712569)
5629;Icecrown Citadel (X:-370.788 Y:2319.82 Z:1128790098)
5630;Icecrown Citadel (X:-504.694 Y:2094.97 Z:1128790098)
5631;Icecrown Citadel (X:-375.691 Y:2106.81 Z:1128790098)
5647;Icecrown Citadel (X:4360.09 Y:3125.63 Z:1136491561)
5649;Icecrown Citadel (X:4234.19 Y:2768.7 Z:1135573828)
5668;Icecrown Citadel (X:85.939 Y:2211.56 Z:1108899450)
5698;Icecrown Citadel (X:-465.352 Y:2212.13 Z:1141391360)
5700;Icecrown Citadel (X:4120.35 Y:2768.01 Z:1135725085)
5708;Icecrown Citadel (X:4694.49 Y:2769.09 Z:1136003842)
5709;Icecrown Citadel (X:-543.425 Y:2212.92 Z:1113415169)
5718;Icecrown Citadel (X:4357.09 Y:2769.26 Z:1135741272)
5729;Icecrown Citadel (X:4489.02 Y:2767.57 Z:1135578350)
5730;Icecrown Citadel (X:4245.88 Y:2768.87 Z:1135246148)
5732;Icecrown Citadel (X:-333.616 Y:2212.63 Z:1110065650)
5736;Icecrown Citadel (X:28.502 Y:2211.81 Z:1106308340)
5744;Icecrown Citadel (X:4354.65 Y:2872.24 Z:1135523529)
5745;Icecrown Citadel (X:4457.76 Y:2769.5 Z:1135519531)
5746;Icecrown Citadel (X:4271.22 Y:2770.67 Z:1135575335)
5747;Icecrown Citadel (X:4256.71 Y:2736.43 Z:1135465693)
5748;Icecrown Citadel (X:4257.65 Y:2804.17 Z:1135438201)
5749;Icecrown Citadel (X:4357.57 Y:2622.13 Z:1135578350)
5772;Icecrown Citadel (X:-458.92 Y:2212.11 Z:1141391360)
5642;The Forge of Souls (X:4925.85 Y:2169.17 Z:1143095296)
5672;The Forge of Souls (X:5661.35 Y:2507.09 Z:1144075534)
5688;The Forge of Souls (X:5684.48 Y:2537.01 Z:1144171577)
5475;Trial of the Crusader (X:744.226 Y:132.111 Z:1125515264)
5508;Trial of the Crusader (X:563.455 Y:68.432 Z:1137219731)
5562;Trial of the Crusader (X:563.646 Y:92.12 Z:1137023418)
5491;Trial of the Champion (X:790.564 Y:620.514 Z:1137571856)
5492;Trial of the Champion (X:793.123 Y:618.575 Z:1137586668)
5510;Trial of the Champion (X:819.269 Y:618.674 Z:1137770496)
5573;Pit of Saron (X:464.422 Y:206.578 Z:1141124465)
5578;Pit of Saron (X:859.281 Y:44.403 Z:1140900397)
5579;Pit of Saron (X:960.056 Y:75.254 Z:1141738144)
5580;Pit of Saron (X:969.913 Y:-117.436 Z:1142258778)
5581;Pit of Saron (X:1066.62 Y:76.786 Z:1142798893)
5582;Pit of Saron (X:1002.65 Y:-131.898 Z:1142583017)
5583;Pit of Saron (X:1038.59 Y:-117.976 Z:1142757196)
5584;Pit of Saron (X:1059.04 Y:-84.769 Z:1142843326)
5585;Pit of Saron (X:1066.29 Y:-51.446 Z:1142848684)
5586;Pit of Saron (X:1073.05 Y:-14.191 Z:1142835380)
5587;Pit of Saron (X:1077.81 Y:24.63 Z:1142807839)
5588;Pit of Saron (X:822.99 Y:65.84 Z:1140792295)
5589;Pit of Saron (X:752.457 Y:-52.559 Z:1140743930)
5593;Pit of Saron (X:706.056 Y:158.104 Z:1140804649)
5594;Pit of Saron (X:619.679 Y:57.675 Z:1140857831)
5595;Pit of Saron (X:622.714 Y:1.804 Z:1140879213)
5596;Pit of Saron (X:656.747 Y:-75.276 Z:1140879229)
5597;Pit of Saron (X:726.297 Y:-93.413 Z:1140878131)
5598;Pit of Saron (X:777.764 Y:-33.769 Z:1140731183)
5599;Pit of Saron (X:805.752 Y:-9.271 Z:1140768637)
5600;Pit of Saron (X:794.79 Y:85.274 Z:1140797112)
5601;Pit of Saron (X:763.644 Y:139.731 Z:1140805894)
5602;Pit of Saron (X:662.418 Y:94.856 Z:1140623671)
5633;Pit of Saron (X:1006.86 Y:178.96 Z:1142753788)
5643;Pit of Saron (X:423.847 Y:212.521 Z:1141124432)
5683;Pit of Saron (X:1189.73 Y:347.863 Z:1142777790)
5570;Halls of Reflection (X:5381.02 Y:2089.91 Z:1144056955)
5605;Halls of Reflection (X:5539.65 Y:2247.05 Z:1144471732)
5632;Halls of Reflection (X:5244.52 Y:1939.21 Z:1144056955)
5646;Halls of Reflection (X:5228.24 Y:1921.22 Z:1144220795)
5660;Halls of Reflection (X:5276.17 Y:1971.7 Z:1144056955)
5689;Halls of Reflection (X:5249.52 Y:1942.95 Z:1144056955)
5697;Halls of Reflection (X:5309.56 Y:2006.67 Z:1144083923)
5740;Halls of Reflection (X:5361.1 Y:2061.02 Z:1144056955)
5742;Halls of Reflection (X:5374.44 Y:2075.05 Z:1144056955)
5752;Halls of Reflection (X:5433.13 Y:2137.97 Z:1144260067)
5867;The Ruby Sanctum (X:3152.08 Y:362.875 Z:1118505206)
5872;The Ruby Sanctum (X:3286.8 Y:533.392 Z:1120216259)